city,country,lat,lon,source,oid,state,comments
Burnaby,Canada,49.25,-122.95,manually from http://www.astro.com/atlas/,510,BC,NULL
Lake Cowichan,Canada,48.8333,-124.05,manually from http://www.astro.com/atlas/,511,BC,NULL
Canberra,Australia,-35.2833,149.133,manually from http://www.astro.com/atlas/,512,NULL,NULL
Toronto,Canada,43.65,-79.3833,manually from http://www.astro.com/atlas/,513,NULL,NULL
Leeuwarden,Netherlands,53.2,5.8,manually from http://www.astro.com/atlas/,514,NULL,NULL
Wiener Neustadt,Austria,47.8167,16.25,manually from http://www.astro.com/atlas/,515,NULL,NULL
Montreal,Canada,45.5167,-73.5667,manually from http://www.astro.com/atlas/,516,NULL,NULL
Poitiers,France,46.5833,0.333333,manually from http://www.astro.com/atlas/,517,NULL,NULL
Toulouse,France,43.6,1.43333,manually from http://www.astro.com/atlas/,518,NULL,NULL
Vancouver,Canada,49.2667,-123.117,manually from http://www.astro.com/atlas/,519,BC,NULL
Geneva,Switzerland,46.2,6.15,manually from http://www.astro.com/atlas/,520,NULL,NULL
Nancy,France,48.6833,6.2,manually from http://www.astro.com/atlas/,521,NULL,NULL
Strasbourg,France,48.5833,7.75,manually from http://www.astro.com/atlas/,522,NULL,NULL
St. John,Canada,45.2667,-66.05,manually from http://www.astro.com/atlas/,523,NB,NULL
Kingston,Jamaica,17.9833,-76.8167,http://www.infoplease.com/ipa/A0001769.html,524,NULL,NULL
Kinshasa,Congo,-4.3,15.2833,http://www.infoplease.com/ipa/A0001769.html,525,NULL,NULL
La Paz,Bolivia,-16.45,-68.3667,http://www.infoplease.com/ipa/A0001769.html,526,NULL,NULL
Leeds,United Kingdom,53.75,-1.5,http://www.infoplease.com/ipa/A0001769.html,527,NULL,NULL
Lima,Peru,-12,-77.0333,http://www.infoplease.com/ipa/A0001769.html,528,NULL,NULL
Lisbon,Portugal,38.7333,-9.15,http://www.infoplease.com/ipa/A0001769.html,529,NULL,NULL
Liverpool,United Kingdom,53.4167,-3,http://www.infoplease.com/ipa/A0001769.html,530,NULL,NULL
Lyons,France,45.75,4.83333,http://www.infoplease.com/ipa/A0001769.html,531,NULL,NULL
Madrid,Spain,40.4333,-3.7,http://www.infoplease.com/ipa/A0001769.html,532,NULL,NULL
Manchester,United Kingdom,53.5,-2.25,http://www.infoplease.com/ipa/A0001769.html,533,NULL,NULL
Manila,Philippines,14.5833,120.95,http://www.infoplease.com/ipa/A0001769.html,534,NULL,NULL
Marseilles,France,43.3333,5.33333,http://www.infoplease.com/ipa/A0001769.html,535,NULL,NULL
Mazatlan,Mexico,23.2,-106.417,http://www.infoplease.com/ipa/A0001769.html,536,NULL,NULL
Mecca,Saudi Arabia,21.4833,39.75,http://www.infoplease.com/ipa/A0001769.html,537,NULL,NULL
Melbourne,Australia,-37.7833,144.967,http://www.infoplease.com/ipa/A0001769.html,538,NULL,NULL
Mexico City,Mexico,19.4333,-99.1167,http://www.infoplease.com/ipa/A0001769.html,539,NULL,NULL
Milan,Italy,45.45,9.16667,http://www.infoplease.com/ipa/A0001769.html,540,NULL,NULL
Montevideo,Uruguay,-34.8833,-56.1667,http://www.infoplease.com/ipa/A0001769.html,541,NULL,NULL
Moscow,Russia,55.75,37.6,http://www.infoplease.com/ipa/A0001769.html,542,NULL,NULL
Munich,Germany,48.1333,11.5833,http://www.infoplease.com/ipa/A0001769.html,543,NULL,NULL
Nagasaki,Japan,32.8,129.95,http://www.infoplease.com/ipa/A0001769.html,544,NULL,NULL
Nagoya,Japan,35.1167,136.933,http://www.infoplease.com/ipa/A0001769.html,545,NULL,NULL
Nairobi,Kenya,-1.41667,36.9167,http://www.infoplease.com/ipa/A0001769.html,546,NULL,NULL
Nanking,China,32.05,118.883,http://www.infoplease.com/ipa/A0001769.html,547,NULL,NULL
Nanjing,China,32.05,118.883,http://www.infoplease.com/ipa/A0001769.html,548,NULL,NULL
Naples,Italy,40.8333,14.25,http://www.infoplease.com/ipa/A0001769.html,549,NULL,NULL
Newcastle-on-Tyne,United Kingdom,54.9667,-1.61667,http://www.infoplease.com/ipa/A0001769.html,550,NULL,NULL
Odessa,Ukraine,46.45,30.8,http://www.infoplease.com/ipa/A0001769.html,551,NULL,NULL
Osaka,Japan,34.5333,135.5,http://www.infoplease.com/ipa/A0001769.html,552,NULL,NULL
Oslo,Norway,59.95,10.7,http://www.infoplease.com/ipa/A0001769.html,553,NULL,NULL
Panama City,Panama,8.96667,-79.5333,http://www.infoplease.com/ipa/A0001769.html,554,NULL,NULL
Paramaribo,Suriname,5.75,-55.25,http://www.infoplease.com/ipa/A0001769.html,555,NULL,NULL
Paris,France,48.8,2.33333,http://www.infoplease.com/ipa/A0001769.html,556,NULL,NULL
Perth,Australia,-31.95,115.867,http://www.infoplease.com/ipa/A0001769.html,557,NULL,NULL
Plymouth,United Kingdom,50.4167,-4.08333,http://www.infoplease.com/ipa/A0001769.html,558,NULL,NULL
Port Moresby,Papua New Guinea,-9.41667,147.133,http://www.infoplease.com/ipa/A0001769.html,559,NULL,NULL
Prague,Czech Republic,50.0833,14.4333,http://www.infoplease.com/ipa/A0001769.html,560,NULL,NULL
Rangoon,Burma,16.8333,96,http://www.infoplease.com/ipa/A0001769.html,561,NULL,NULL
Reykjavik,Iceland,64.0667,-21.9667,http://www.infoplease.com/ipa/A0001769.html,562,NULL,NULL
Rio De Janeiro,Brazil,-22.95,-43.2,http://www.infoplease.com/ipa/A0001769.html,563,NULL,NULL
Rome,Italy,41.9,12.45,http://www.infoplease.com/ipa/A0001769.html,564,NULL,NULL
Salvador,Brazil,-12.9333,-38.45,http://www.infoplease.com/ipa/A0001769.html,565,NULL,NULL
Santiago,Chile,-33.4667,-70.75,http://www.infoplease.com/ipa/A0001769.html,566,NULL,NULL
St. Petersburg,Russia,59.9333,30.3,http://www.infoplease.com/ipa/A0001769.html,567,NULL,NULL
Sao Paulo,Brazil,-23.5167,-46.5167,http://www.infoplease.com/ipa/A0001769.html,568,NULL,NULL
Shanghai,China,31.1667,121.467,http://www.infoplease.com/ipa/A0001769.html,569,NULL,NULL
Singapore,Singapore,1.23333,103.917,http://www.infoplease.com/ipa/A0001769.html,570,NULL,NULL
Sofia,Bulgaria,42.6667,23.3333,http://www.infoplease.com/ipa/A0001769.html,571,NULL,NULL
Stockholm,Sweden,59.2833,18.05,http://www.infoplease.com/ipa/A0001769.html,572,NULL,NULL
Sydney,Australia,-34,151,http://www.infoplease.com/ipa/A0001769.html,573,NULL,NULL
Tananarive,Madagascar,-18.8333,47.55,http://www.infoplease.com/ipa/A0001769.html,574,NULL,NULL
Tehran,Iran,35.75,51.75,http://www.infoplease.com/ipa/A0001769.html (altered),575,NULL,used more conventional spelling
Tokyo,Japan,35.6667,139.75,http://www.infoplease.com/ipa/A0001769.html,576,NULL,NULL
Tripoli,Libya,32.95,13.2,http://www.infoplease.com/ipa/A0001769.html,577,NULL,NULL
Venice,Italy,45.4333,12.3333,http://www.infoplease.com/ipa/A0001769.html,578,NULL,NULL
Veracruz,Mexico,19.1667,-96.1667,http://www.infoplease.com/ipa/A0001769.html,579,NULL,NULL
Vienna,Austria,48.2333,16.3333,http://www.infoplease.com/ipa/A0001769.html,580,NULL,NULL
Aberdeen,Scotland,57.15,-2.15,http://www.infoplease.com/ipa/A0001769.html,581,NULL,NULL
Adelaide,Australia,-34.9167,138.6,http://www.infoplease.com/ipa/A0001769.html,582,NULL,NULL
Algiers,Algeria,36.8333,3,http://www.infoplease.com/ipa/A0001769.html,583,NULL,NULL
Amsterdam,Netherlands,52.3667,4.88333,http://www.infoplease.com/ipa/A0001769.html,584,NULL,NULL
Ankara,Turkey,39.9167,32.9167,http://www.infoplease.com/ipa/A0001769.html,585,NULL,NULL
Asuncion,Paraguay,-25.25,-57.6667,http://www.infoplease.com/ipa/A0001769.html,586,NULL,NULL
Athens,Greece,37.9667,23.7167,http://www.infoplease.com/ipa/A0001769.html,587,NULL,NULL
Auckland,New Zealand,-36.8667,174.75,http://www.infoplease.com/ipa/A0001769.html,588,NULL,NULL
Bangkok,Thailand,13.75,100.5,http://www.infoplease.com/ipa/A0001769.html,589,NULL,NULL
Barcelona,Spain,41.3833,2.15,http://www.infoplease.com/ipa/A0001769.html,590,NULL,NULL
Beijing,China,39.9167,116.417,http://www.infoplease.com/ipa/A0001769.html,591,NULL,NULL
Belem,Brazil,-1.46667,-48.4833,http://www.infoplease.com/ipa/A0001769.html,592,NULL,NULL
Belfast,Northern Ireland,54.6167,-5.93333,http://www.infoplease.com/ipa/A0001769.html,593,NULL,NULL
Belgrade,Yugoslavia,44.8667,20.5333,http://www.infoplease.com/ipa/A0001769.html,594,NULL,NULL
Berlin,Germany,52.5,13.4167,http://www.infoplease.com/ipa/A0001769.html,595,NULL,NULL
Birmingham,United Kingdom,52.4167,-1.91667,http://www.infoplease.com/ipa/A0001769.html,596,NULL,NULL
Bogota,Colombia,4.53333,-74.25,http://www.infoplease.com/ipa/A0001769.html,597,NULL,NULL
Bombay,India,19,72.8,http://www.infoplease.com/ipa/A0001769.html,598,NULL,NULL
Bordeaux,France,44.8333,-0.516667,http://www.infoplease.com/ipa/A0001769.html,599,NULL,NULL
Bremen,Germany,53.0833,8.81667,http://www.infoplease.com/ipa/A0001769.html,600,NULL,NULL
Brisbane,Australia,-27.4833,153.133,http://www.infoplease.com/ipa/A0001769.html,601,NULL,NULL
Bristol,United Kingdom,51.4667,-2.58333,http://www.infoplease.com/ipa/A0001769.html,602,NULL,NULL
Brussels,Belgium,50.8667,4.36667,http://www.infoplease.com/ipa/A0001769.html,603,NULL,NULL
Bucharest,Romania,44.4167,26.1167,http://www.infoplease.com/ipa/A0001769.html,604,NULL,NULL
Budapest,Hungary,47.5,19.0833,http://www.infoplease.com/ipa/A0001769.html,605,NULL,NULL
Buenos Aires,Argentina,-34.5833,-58.3667,http://www.infoplease.com/ipa/A0001769.html,606,NULL,NULL
Cairo,Egypt,30.0333,31.35,http://www.infoplease.com/ipa/A0001769.html,607,NULL,NULL
Calcutta,India,22.5667,88.4,http://www.infoplease.com/ipa/A0001769.html,608,NULL,NULL
Canton,China,23.1167,113.25,http://www.infoplease.com/ipa/A0001769.html,609,NULL,NULL
Cape Town,South Africa,-33.9167,18.3667,http://www.infoplease.com/ipa/A0001769.html,610,NULL,NULL
Caracas,Venezuela,10.4667,-67.0333,http://www.infoplease.com/ipa/A0001769.html,611,NULL,NULL
Cayenne,French Guiana,4.81667,-52.3,http://www.infoplease.com/ipa/A0001769.html,612,NULL,NULL
Chihuahua,Mexico,28.6167,-106.083,http://www.infoplease.com/ipa/A0001769.html,613,NULL,NULL
Chongqing,China,29.7667,106.567,http://www.infoplease.com/ipa/A0001769.html,614,NULL,NULL
Copenhagen,Denmark,55.6667,12.5667,http://www.infoplease.com/ipa/A0001769.html,615,NULL,NULL
Cordoba,Argentina,-31.4667,-64.1667,http://www.infoplease.com/ipa/A0001769.html,616,NULL,NULL
Dakar,Senegal,14.6667,-17.4667,http://www.infoplease.com/ipa/A0001769.html,617,NULL,NULL
Darwin,Australia,-12.4667,130.85,http://www.infoplease.com/ipa/A0001769.html,618,NULL,NULL
Djibouti,Djibouti,11.5,43.05,http://www.infoplease.com/ipa/A0001769.html,619,NULL,NULL
Dublin,Ireland,53.3333,-6.25,http://www.infoplease.com/ipa/A0001769.html,620,NULL,NULL
Durban,South Africa,-29.8833,30.8833,http://www.infoplease.com/ipa/A0001769.html,621,NULL,NULL
Edinburgh,Scotland,55.9167,-3.16667,http://www.infoplease.com/ipa/A0001769.html,622,NULL,NULL
Frankfurt,Germany,50.1167,8.68333,http://www.infoplease.com/ipa/A0001769.html,623,NULL,NULL
Georgetown,Guyana,6.75,-58.25,http://www.infoplease.com/ipa/A0001769.html,624,NULL,NULL
Glasgow,Scotland,55.8333,-4.25,http://www.infoplease.com/ipa/A0001769.html,625,NULL,NULL
Guatemala City,Guatemala,14.6167,-90.5167,http://www.infoplease.com/ipa/A0001769.html,626,NULL,NULL
Guayaquil,Ecuador,-2.16667,-79.9333,http://www.infoplease.com/ipa/A0001769.html,627,NULL,NULL
Hamburg,Germany,53.55,10.0333,http://www.infoplease.com/ipa/A0001769.html,628,NULL,NULL
Hammerfest,Norway,70.6333,23.6333,http://www.infoplease.com/ipa/A0001769.html,629,NULL,NULL
Havana,Cuba,23.1333,-82.3833,http://www.infoplease.com/ipa/A0001769.html,630,NULL,NULL
Helsinki,Finland,60.1667,25,http://www.infoplease.com/ipa/A0001769.html,631,NULL,NULL
Hobart,Tasmania,-42.8667,147.317,http://www.infoplease.com/ipa/A0001769.html,632,NULL,NULL
Iquique,Chile,-20.1667,-70.1167,http://www.infoplease.com/ipa/A0001769.html,633,NULL,NULL
Irkutsk,Russia,52.5,104.333,http://www.infoplease.com/ipa/A0001769.html,634,NULL,NULL
Jakarta,Indonesia,-6.26667,106.8,http://www.infoplease.com/ipa/A0001769.html,635,NULL,NULL
Johannesburg,South Africa,-26.2,28.0667,http://www.infoplease.com/ipa/A0001769.html,636,NULL,NULL
Dusseldorf,Germany,51.2,6.78333,manually from http://www.astro.com/atlas/,637,NULL,NULL
Bagnolet,France,48.8667,2.41667,manually from http://www.astro.com/atlas/,638,NULL,NULL
Aubervilliers,France,48.9167,2.38333,manually from http://www.astro.com/atlas/,639,NULL,NULL
Waterloo,Canada,43.4667,-80.5167,manually from http://www.astro.com/atlas/,640,ON,NULL
Dortmund,Germany,51.5167,7.46667,manually from http://www.astro.com/atlas/,641,NULL,NULL
Wuppertal,Germany,51.2667,7.18333,manually from http://www.astro.com/atlas/,642,NULL,NULL
Delft,Netherlands,52.0167,4.36667,manually from http://www.astro.com/atlas/,643,NULL,NULL
Den Haag,Netherlands,52.0833,4.31667,manually from http://www.astro.com/atlas/,644,NULL,NULL
Regina,Canada,50.4167,-104.65,manually from http://www.astro.com/atlas/,645,SK,NULL
Stuttgart,Germany,48.7667,9.18333,manually from http://www.astro.com/atlas/,646,NULL,NULL
Koeln,Germany,50.9333,6.98333,manually from http://www.astro.com/atlas/,647,NULL,NULL
Aachen,Germany,50.7833,6.08333,manually from http://www.astro.com/atlas/,648,NULL,NULL
Namur,Belgium,50.4667,4.86667,manually from http://www.astro.com/atlas/,649,NULL,NULL
Scarborough,Canada,43.7333,-79.2667,manually from http://www.astro.com/atlas/,650,ON,NULL
Hilversum,Netherlands,52.2333,5.18333,manually from http://www.astro.com/atlas/,651,NULL,NULL
Pennant Station,Canada,50.55,-108.2,manually from http://www.astro.com/atlas/,652,SK,NULL
Grenoble,France,45.1667,5.71667,manually from http://www.astro.com/atlas/,653,NULL,NULL
Lyon,France,45.75,4.85,manually from http://www.astro.com/atlas/,654,NULL,NULL
Trondheim,Norway,63.4167,10.4167,manually from http://www.astro.com/atlas/,655,NULL,NULL
Bergen,Norway,60.3833,5.33333,manually from http://www.astro.com/atlas/,656,NULL,NULL
Rotterdam,Netherlands,51.9167,4.48333,manually from http://www.astro.com/atlas/,657,NULL,NULL
Karlsruhe,Germany,49.05,8.4,manually from http://www.astro.com/atlas/,658,NULL,NULL
Freiburg,Germany,50.9167,16.25,manually from http://www.astro.com/atlas/,659,NULL,NULL
Ottawa,Canada,45.4167,-75.7,manually from http://www.astro.com/atlas/,660,ON,NULL
Heidelberg,Germany,49.4167,8.71667,manually from http://www.astro.com/atlas/,661,NULL,NULL
Enschede,Netherlands,52.2167,6.9,manually from http://www.astro.com/atlas/,662,NULL,NULL
Groningen,Netherlands,53.2167,6.56667,manually from http://www.astro.com/atlas/,663,NULL,NULL
Calgary,Canada,51.05,-114.083,manually from http://www.astro.com/atlas/,664,AB,NULL
Erlangen,Germany,49.6,11.0167,manually from http://www.astro.com/atlas/,665,NULL,NULL
Hannover,Germany,52.4,9.73333,manually from http://www.astro.com/atlas/,666,NULL,NULL
Leipzig,Germany,51.3167,12.3333,manually from http://www.astro.com/atlas/,667,NULL,NULL
Ilmenau,Germany,50.6833,10.9167,manually from http://www.astro.com/atlas/,668,NULL,NULL
Porto Alegre,Brazil,-30.0333,-51.2167,manually from http://www.bcca.org/misc/qiblih/latlong_oc.html,669,NULL,NULL
Curitiba,Brazil,-25.4167,-49.2833,manually from http://www.bcca.org/misc/qiblih/latlong_oc.html,670,NULL,NULL
Hamilton,Canada,43.25,-79.85,manually from http://www.astro.com/atlas/,671,NULL,NULL
Laurentides,Canada,45.85,-73.7667,manually from http://www.astro.com/atlas/,672,QU,NULL
Belo Horizonte,Brazil,-19.8167,-43.95,manually from http://www.astro.com/atlas/,673,NULL,NULL
Malmo,Sweden,55.6,13,manually from http://www.astro.com/atlas/,674,NULL,NULL
Delhi,India,28.6667,77.2167,manually from http://www.astro.com/atlas/,675,NULL,NULL
Eindhoven,Netherlands,51.45,5.48333,manually from http://www.astro.com/atlas/,676,NULL,NULL
Kingston,Canada,44.2333,-76.5,manually from http://www.astro.com/atlas/,677,NULL,NULL
Southport,Australia,-27.9667,153.417,manually from http://www.astro.com/atlas/,678,NULL,NULL
Winnipeg,Canada,49.8833,-97.15,manually from http://www.astro.com/atlas/,679,MB,NULL
Bratislava,Slovakia,48.15,17.1167,manually from http://www.astro.com/atlas/,680,NULL,NULL
Marburg,Germany,50.8167,8.76667,manually from http://www.astro.com/atlas/,681,NULL,NULL
Augsburg,Germany,48.3833,10.8833,manually from http://www.astro.com/atlas/,682,NULL,NULL
Oldenburg,Germany,53.1333,8.21667,manually from http://www.astro.com/atlas/,683,NULL,NULL
Ulm,Germany,48.4,10,manually from http://www.astro.com/atlas/,684,NULL,NULL
Wurzburg,Germany,49.8,9.93333,manually from http://www.astro.com/atlas/,685,NULL,NULL
Bilbao,Spain,43.25,-2.96667,manually from http://www.astro.com/atlas/,686,NULL,NULL
Lille,France,50.6333,3.06667,manually from http://www.astro.com/atlas/,687,NULL,NULL
Gent,Belgium,51.05,3.71667,manually from http://www.astro.com/atlas/,688,NULL,NULL
Gosford,Australia,-33.4333,151.35,manually from http://www.astro.com/atlas/,689,NULL,NULL
Hong Kong,China,22.2833,114.15,manually from http://www.astro.com/atlas/,690,NULL,NULL
Halifax,Canada,44.65,-63.6,manually from http://www.astro.com/atlas/,691,NS,NULL
Kobe,Japan,34.6833,135.167,manually from http://www.astro.com/atlas/,692,NULL,NULL
Chiba,Japan,35.6,140.117,manually from http://www.astro.com/atlas/,693,NULL,NULL
Vladivostok,Russia,43.1667,132,http://www.infoplease.com/ipa/A0001769.html,694,NULL,NULL
Warsaw,Poland,52.2333,21,http://www.infoplease.com/ipa/A0001769.html,695,NULL,NULL
Wellington,New Zealand,-41.2833,174.783,http://www.infoplease.com/ipa/A0001769.html,696,NULL,NULL
Zurich,Switzerland,47.35,8.51667,http://www.infoplease.com/ipa/A0001769.html,697,NULL,NULL
Yokohama,Japan,35.45,139.65,manually from http://www.astro.com/atlas/,698,NULL,NULL
Ballarat,Australia,-37.5667,143.867,manually from http://www.astro.com/atlas/,699,VIC,NULL
Shinkawa,Japan,35.15,136.833,manually from http://www.astro.com/atlas/,700,NULL,NULL
Hiroshima,Japan,34.4,132.45,manually from http://www.astro.com/atlas/,701,NULL,NULL
Ealing,United Kingdom,51.5167,-0.333333,manually from http://www.astro.com/atlas/,702,NULL,NULL
Bletchley,United Kingdom,52,-0.766667,manually from http://www.astro.com/atlas/,703,NULL,NULL
Hobart,Australia,-42.8833,147.317,manually from http://www.astro.com/atlas/,704,NULL,NULL
Munchen,Germany,48.1333,11.5667,manually from http://www.astro.com/atlas/,705,NULL,NULL
Bielefeld,Germany,52.0167,8.51667,manually from http://www.astro.com/atlas/,706,NULL,NULL
Yokaichi,Japan,35.1,136.2,manually from http://www.astro.com/atlas/,707,NULL,NULL
Vologda,Russia,59.2,39.9167,manually from http://www.astro.com/atlas/,708,NULL,NULL
Toyama,Japan,36.6833,137.217,manually from http://www.astro.com/atlas/,709,NULL,NULL
Tatebayashi,Japan,36.25,139.533,manually from http://www.astro.com/atlas/,710,NULL,NULL
Shimonoseki,Japan,33.95,130.95,manually from http://www.astro.com/atlas/,711,NULL,NULL
Sapporo,Japan,43.05,141.35,manually from http://www.astro.com/atlas/,712,Hokkaido,NULL
Saita,Japan,34.1333,133.817,manually from http://www.astro.com/atlas/,713,NULL,NULL
Okayama,Japan,34.65,133.917,manually from http://www.astro.com/atlas/,714,NULL,NULL
Niigata,Japan,37.9167,193.05,manually from http://www.astro.com/atlas/,715,NULL,NULL
Machida,Japan,35.5333,139.45,manually from http://www.astro.com/atlas/,716,NULL,NULL
Kyoto,Japan,35,135.75,manually from http://www.astro.com/atlas/,717,NULL,NULL
Kanazawa,Japan,36.5667,136.65,manually from http://www.astro.com/atlas/,718,NULL,NULL
Ilford,United Kingdom,51.55,0.0833333,manually from http://www.astro.com/atlas/,719,NULL,NULL
Gennevilliers,France,48.9333,2.3,manually from http://www.astro.com/atlas/,720,NULL,NULL
Doshisha,Japan,35.5333,139.033,manually from http://www.astro.com/atlas/,721,NULL,NULL
Beaujolais,France,45.9833,4.71667,manually from http://www.astro.com/atlas/,722,NULL,NULL
Essen,Germany,51.4667,7.01667,manually from http://www.astro.com/atlas/,723,NULL,NULL
Rouen,France,49.4333,1.08333,manually from http://www.astro.com/atlas/,724,NULL,NULL
Samara,Russia,53.2,50.15,manually from http://www.astro.com/atlas/,725,NULL,NULL
Duisburg,Germany,51.4167,6.76667,manually from http://www.astro.com/atlas/,726,NULL,NULL
Brasilia,Brazil,-15.7667,-47.9167,manually from http://www.astro.com/atlas/,727,NULL,NULL
Nice,France,43.7,7.25,manually from http://www.astro.com/atlas/,728,NULL,NULL
Bonn,Germany,50.7333,7.08333,manually from http://www.astro.com/atlas/,729,NULL,NULL
Vaxjo,Sweden,56.8667,14.8167,manually from http://www.astro.com/atlas/,730,NULL,NULL
Borlange,Sweden,60.4833,15.4167,manually from http://www.astro.com/atlas/,731,NULL,NULL
Goteborg,Sweden,57.7167,11.9667,manually from http://www.astro.com/atlas/,732,NULL,NULL
Leuven,Belgium,50.8833,4.7,manually from http://www.astro.com/atlas/,733,NULL,NULL
Toulon,France,43.1167,5.93333,manually from http://www.astro.com/atlas/,734,NULL,NULL
Lausanne,Switzerland,46.5167,6.63333,manually from http://www.astro.com/atlas/,735,NULL,NULL
Hilden,Germany,51.1667,6.93333,manually from http://www.astro.com/atlas/,736,NULL,NULL
Antwerp,Belgium,51.2167,4.41667,manually from http://www.astro.com/atlas/,737,NULL,NULL
Nantes,France,47.2167,-1.55,manually from http://www.astro.com/atlas/,738,NULL,NULL
Bangalore,India,12.9833,77.5833,manually from http://www.astro.com/atlas/,739,NULL,NULL
Nottingham,United Kingdom,52.9667,-1.16667,manually from http://www.astro.com/atlas/,740,NULL,NULL
Rostov,Russia,57.1833,39.4167,manually from http://www.astro.com/atlas/,741,NULL,NULL
Reading,United Kingdom,51.4667,-0.983333,manually from http://www.astro.com/atlas/,742,NULL,NULL
Regensburg,Germany,49.0167,12.1,manually from http://www.astro.com/atlas/,743,NULL,NULL
Quebec,Canada,46.8167,-71.2333,manually from http://www.astro.com/atlas/,744,QU,NULL
Dresden,Germany,51.05,13.7333,manually from http://www.astro.com/atlas/,745,NULL,NULL
Krakow,Poland,50.05,19.9667,manually from http://www.astro.com/atlas/,746,NULL,NULL
Odense,Denmark,55.4,10.3833,manually from http://www.astro.com/atlas/,747,NULL,NULL
Bergamo,Italy,45.6833,9.71667,manually from http://www.astro.com/atlas/,748,NULL,NULL
Malang,Indonesia,-7.98333,112.617,manually from http://www.astro.com/atlas/,749,NULL,NULL
Wiesbaden,Germany,50.0833,8.23333,manually from http://www.astro.com/atlas/,750,NULL,NULL
Valladolid,Spain,41.65,-4.71667,manually from http://www.astro.com/atlas/,751,NULL,NULL
Luxemburg,Luxembourg,49.6,6.15,manually from http://www.astro.com/atlas/,752,NULL,NULL
Surabaya,Indonesia,-7.25,112.75,manually from http://www.astro.com/atlas/,753,NULL,NULL
Maastricht,Netherlands,50.85,5.68333,manually from http://www.astro.com/atlas/,754,NULL,NULL
Bundaberg,Australia,-24.8667,152.35,manually from http://www.astro.com/atlas/,755,NULL,NULL
Amstelveen,Netherlands,52.3,4.85,manually from http://www.astro.com/atlas/,756,NULL,NULL
Ghent,Belgium,51.05,3.71667,manually from http://www.astro.com/atlas/,757,NULL,NULL
Cambridge,United Kingdom,52.2167,0.133333,manually from http://www.astro.com/atlas/,758,NULL,NULL
Madras,India,13.0833,80.2833,manually from http://www.astro.com/atlas/,759,NULL,NULL
Akita,Japan,39.7167,140.117,manually from http://www.astro.com/atlas/,760,NULL,NULL
Ekaterinburg,Russia,56.85,60.6,manually from http://www.astro.com/atlas/,761,NULL,NULL
Novosibirsk,Russia,55.0333,82.9167,manually from http://www.astro.com/atlas/,762,NULL,NULL
Tomsk,Russia,56.5,84.9667,manually from http://www.astro.com/atlas/,763,NULL,NULL
Pretoria,South Africa,-25.75,28.1833,manually from http://www.astro.com/atlas/,764,NULL,NULL
Basel,Switzerland,47.55,7.58333,manually from http://www.astro.com/atlas/,765,NULL,NULL
Hasselt,Belgium,50.9167,5.33333,manually from http://www.astro.com/atlas/,766,NULL,NULL
Fortaleza,Brazil,-3.71667,-38.5333,manually from http://www.astro.com/atlas/,767,NULL,NULL
Tours,France,47.3833,0.683333,manually from http://www.astro.com/atlas/,768,NULL,NULL
Luxembourg,Luxembourg,49.6,6.15,manually from http://www.astro.com/atlas/,769,NULL,NULL
Uppsala,Sweden,59.8667,17.6333,manually from http://www.astro.com/atlas/,770,NULL,NULL
Linkoping,Sweden,58.4167,15.6167,manually from http://www.astro.com/atlas/,771,NULL,NULL
Jonkoping,Sweden,57.7833,14.1833,manually from http://www.astro.com/atlas/,772,NULL,NULL
Boras,Sweden,57.7167,12.9167,manually from http://www.astro.com/atlas/,773,NULL,NULL
Seville,Spain,37.3833,-5.98333,manually from http://www.astro.com/atlas/,774,NULL,NULL
Port Augusta,Australia,-32.5,137.767,manually from http://www.astro.com/atlas/,775,NULL,NULL
Oxford,United Kingdom,51.7667,-1.25,manually from http://www.astro.com/atlas/,776,NULL,NULL
Rochdale,United Kingdom,53.6333,-2.15,manually from http://www.astro.com/atlas/,777,NULL,NULL
Reims,France,49.25,4.03333,manually from http://www.astro.com/atlas/,778,NULL,NULL
Erfurt,Germany,50.9667,11.0167,manually from http://www.astro.com/atlas/,779,NULL,NULL
Kaiserslautern,Germany,49.4333,7.76667,manually from http://www.astro.com/atlas/,780,NULL,NULL
Campbelltown,Australia,-34.0667,150.817,manually from http://www.astro.com/atlas/,781,NULL,NULL
Gold Coast,Australia,-27.9667,153.417,manually from http://www.astro.com/atlas/,782,NULL,NULL
Edmonton,Canada,53.55,-113.467,manually from http://www.astro.com/atlas/,783,AB,NULL
Guangzhou,China,23.1,113.267,manually from http://www.astro.com/atlas/,784,NULL,NULL
Jena,Germany,50.9333,11.5833,manually from http://www.astro.com/atlas/,785,NULL,NULL
Krasnodar,Russia,45.0333,39,manually from http://www.astro.com/atlas/,786,NULL,NULL
Kitchener,Canada,43.45,-80.4833,manually from http://www.astro.com/atlas/,787,ON,NULL
Helsingfors,Finland,60.1667,24.9667,manually from http://www.astro.com/atlas/,788,NULL,NULL
Pekanbaru,Indonesia,-0.35,102.433,manually from http://www.astro.com/atlas/,789,NULL,NULL
Tlaquepaque,Mexico,20.65,-103.317,manually from http://www.astro.com/atlas/,790,NULL,NULL
Brasov,Romania,45.65,25.6167,manually from http://www.astro.com/atlas/,791,NULL,NULL
Seoul,South Korea,37.55,126.967,manually from http://www.astro.com/atlas/,792,NULL,NULL
Taipei,Taiwan,25.05,121.517,manually from http://www.astro.com/atlas/,793,NULL,NULL
Campinas,Brazil,-22.9,-47.05,manually from http://www.astro.com/atlas/,794,NULL,NULL
Florianopolis,Brazil,-27.5833,-48.5333,manually from http://www.astro.com/atlas/,795,NULL,NULL
Besancon,France,47.25,6.03333,manually from http://www.astro.com/atlas/,796,NULL,NULL
Caen,France,49.1833,-0.35,manually from http://www.astro.com/atlas/,797,NULL,NULL
Compiegne,France,49.4167,2.83333,manually from http://www.astro.com/atlas/,798,NULL,NULL
Dijon,France,47.3167,5.01667,manually from http://www.astro.com/atlas/,799,NULL,NULL
Evry,France,48.6333,2.45,manually from http://www.astro.com/atlas/,800,NULL,NULL
Limoges,France,45.8333,1.26667,manually from http://www.astro.com/atlas/,801,NULL,NULL
Marseille,France,43.3,5.4,manually from http://www.astro.com/atlas/,802,NULL,NULL
Montpellier,France,43.6,3.88333,manually from http://www.astro.com/atlas/,803,NULL,NULL
Niort,France,46.3167,-0.45,manually from http://www.astro.com/atlas/,804,NULL,NULL
Orleans,France,47.9167,1.9,manually from http://www.astro.com/atlas/,805,NULL,NULL
Rennes,France,48.0833,-1.68333,manually from http://www.astro.com/atlas/,806,NULL,NULL
Kassel,Germany,51.3167,9.48333,manually from http://www.astro.com/atlas/,807,NULL,NULL
Neckarsulm,Germany,49.2,9.21667,manually from http://www.astro.com/atlas/,808,NULL,NULL
Weingarten,Germany,47.8,9.63333,manually from http://www.astro.com/atlas/,809,NULL,NULL
London,United Kingdom,51.5333,-0.0833333,http://www.infoplease.com/ipa/A0001769.html,810,NULL,NULL
Zeist,Netherlands,52.0833,5.25,manually from http://www.astro.com/atlas/,811,NULL,NULL
Schwarzach,Austria,47.45,9.75,manually from http://www.astro.com/atlas/,812,NULL,NULL
Frauenfeld,Switzerland,47.5667,8.9,manually from http://www.astro.com/atlas/,813,NULL,NULL
Geelong,Australia,-38.1333,144.35,manually from http://www.astro.com/atlas/,814,NULL,NULL
Victoria,Canada,48.4167,-123.367,manually from http://www.astro.com/atlas/,815,NULL,NULL
Puteaux,France,48.8833,2.23333,manually from http://www.astro.com/atlas/,816,NULL,NULL
Schiltigheim,France,48.6,7.75,manually from http://www.astro.com/atlas/,817,NULL,NULL
Braunschweig,Germany,52.2667,10.5167,manually from http://www.astro.com/atlas/,818,NULL,NULL
Klein-Linden,Germany,50.5667,8.63333,manually from http://www.astro.com/atlas/,819,NULL,NULL
Nuremberg,Germany,49.45,11.0667,manually from http://www.astro.com/atlas/,820,NULL,NULL
Ravensburg,Germany,47.7833,9.61667,manually from http://www.astro.com/atlas/,821,NULL,NULL
Villingen,Germany,48.0667,8.46667,manually from http://www.astro.com/atlas/,822,NULL,NULL
Bandung,Indonesia,-6.9,107.6,manually from http://www.astro.com/atlas/,823,NULL,NULL
Nijmegen,Netherlands,51.8333,5.85,manually from http://www.astro.com/atlas/,824,NULL,NULL
Aksa,Russia,50.2667,113.283,manually from http://www.astro.com/atlas/,825,NULL,NULL
Voronezh,Russia,51.6667,39.1667,manually from http://www.astro.com/atlas/,826,NULL,NULL
Port Elizabeth,South Africa,-33.9667,25.6667,manually from http://www.astro.com/atlas/,827,NULL,NULL
Espoo,Finland,60.2167,24.6667,manually from http://www.astro.com/atlas/,828,NULL,NULL
Tallinn,Estonia,59.4167,24.75,manually from http://www.astro.com/atlas/,829,NULL,NULL
Santiago,Spain,42.8833,-8.55,manually from http://www.astro.com/atlas/,830,NULL,NULL
Minsk,Belarus,53.9,27.5667,manually from http://www.astro.com/atlas/,831,NULL,NULL
Murcia,Spain,37.9833,-1.11667,manually from http://www.astro.com/atlas/,832,NULL,NULL
Tirgu Mures,Romania,46.55,24.55,manually from http://www.astro.com/atlas/,833,NULL,NULL
Wageningen,Netherlands,51.9667,5.66667,manually from http://www.astro.com/atlas/,834,NULL,NULL
Rustavi,Georgia,41.55,45.0333,manually from http://www.astro.com/atlas/,835,NULL,NULL
Cork,Ireland,51.9,-8.46667,manually from http://www.astro.com/atlas/,836,NULL,NULL
Aix en Provence,France,43.5333,5.43333,manually from http://www.astro.com/atlas/,837,NULL,NULL
Kiev,Ukraine,50.4333,30.5167,manually from http://www.astro.com/atlas/,838,NULL,NULL
East Burwood,Australia,-37.85,145.15,manually from http://www.astro.com/atlas/,839,NULL,NULL
Manaus,Brazil,-3.1,-60.2167,manually from http://www.astro.com/atlas/,840,NULL,NULL
Tianjin,China,39.1333,117.2,manually from http://www.astro.com/atlas/,841,NULL,NULL
San Pedro,Costa Rica,9.93333,-84.05,manually from http://www.astro.com/atlas/,842,NULL,NULL
Aalborg,Denmark,57.05,9.93333,manually from http://www.astro.com/atlas/,843,NULL,NULL
Aalborg South,Denmark,57.05,9.93333,manually from http://www.astro.com/atlas/,844,NULL,NULL
Aalborg West,Denmark,57.05,9.93333,manually from http://www.astro.com/atlas/,845,NULL,NULL
Aalborg East,Denmark,57.05,9.93333,manually from http://www.astro.com/atlas/,846,NULL,NULL
Aarhus,Denmark,56.15,10.2167,manually from http://www.astro.com/atlas/,847,NULL,NULL
Aarhus North,Denmark,56.15,10.2167,manually from http://www.astro.com/atlas/,848,NULL,NULL
Aarhus South,Denmark,56.15,10.2167,manually from http://www.astro.com/atlas/,849,NULL,NULL
Aarhus West,Denmark,56.15,10.2167,manually from http://www.astro.com/atlas/,850,NULL,NULL
Aereskoebing,Denmark,54.8833,10.4167,manually from http://www.astro.com/atlas/,851,NULL,NULL
Allinge,Denmark,55.2667,14.8167,manually from http://www.astro.com/atlas/,852,NULL,NULL
Assens,Denmark,55.2667,9.91667,manually from http://www.astro.com/atlas/,853,NULL,NULL
Ballerup,Denmark,55.7333,12.3667,manually from http://www.astro.com/atlas/,854,NULL,NULL
Billund,Denmark,55.7333,9.11667,manually from http://www.astro.com/atlas/,855,NULL,NULL
Birkeroed,Denmark,55.8333,12.4333,manually from http://www.astro.com/atlas/,856,NULL,NULL
Bjerringbro,Denmark,56.3833,9.66667,manually from http://www.astro.com/atlas/,857,NULL,NULL
Bogense,Denmark,55.5667,10.1,manually from http://www.astro.com/atlas/,858,NULL,NULL
Bov,Denmark,54.8333,9.38333,manually from http://www.astro.com/atlas/,859,NULL,NULL
Brabrand,Denmark,56.15,10.1167,manually from http://www.astro.com/atlas/,860,NULL,NULL
Brande,Denmark,55.95,9.11667,manually from http://www.astro.com/atlas/,861,NULL,NULL
Brovst,Denmark,57.1,9.53333,manually from http://www.astro.com/atlas/,862,NULL,NULL
Dronninglund,Denmark,57.15,10.3,manually from http://www.astro.com/atlas/,863,NULL,NULL
Ebeltoft,Denmark,56.2,10.6833,manually from http://www.astro.com/atlas/,864,NULL,NULL
Esbjerg,Denmark,55.4667,8.45,manually from http://www.astro.com/atlas/,865,NULL,NULL
Espergaerde,Denmark,56,12.5667,manually from http://www.astro.com/atlas/,866,NULL,NULL
Fakse,Denmark,55.25,12.1333,manually from http://www.astro.com/atlas/,867,NULL,NULL
Farum,Denmark,55.8,12.3667,manually from http://www.astro.com/atlas/,868,NULL,NULL
Fredensborg,Denmark,55.9667,12.4,manually from http://www.astro.com/atlas/,869,NULL,NULL
Fredericia,Denmark,55.5833,9.76667,manually from http://www.astro.com/atlas/,870,NULL,NULL
Frederikshavn,Denmark,57.4333,10.5333,manually from http://www.astro.com/atlas/,871,NULL,NULL
Frederikssund,Denmark,55.8333,12.0667,manually from http://www.astro.com/atlas/,872,NULL,NULL
Frederiksvaerk,Denmark,55.9667,12.0333,manually from http://www.astro.com/atlas/,873,NULL,NULL
Galten,Denmark,56.15,9.91667,manually from http://www.astro.com/atlas/,874,NULL,NULL
Give,Denmark,55.85,9.25,manually from http://www.astro.com/atlas/,875,NULL,NULL
Glostrup,Denmark,55.6667,12.4,manually from http://www.astro.com/atlas/,876,NULL,NULL
Glyngoere,Denmark,56.7667,8.86667,manually from http://www.astro.com/atlas/,877,NULL,NULL
Gram,Denmark,55.2833,9.06667,manually from http://www.astro.com/atlas/,878,NULL,NULL
Grenaa,Denmark,56.4167,10.8833,manually from http://www.astro.com/atlas/,879,NULL,NULL
Grindsted,Denmark,55.75,8.93333,manually from http://www.astro.com/atlas/,880,NULL,NULL
Haderslev,Denmark,55.25,9.5,manually from http://www.astro.com/atlas/,881,NULL,NULL
Hadsten,Denmark,56.3333,10.05,manually from http://www.astro.com/atlas/,882,NULL,NULL
Hadsund,Denmark,56.7167,10.1167,manually from http://www.astro.com/atlas/,883,NULL,NULL
Hammel,Denmark,56.25,9.86667,manually from http://www.astro.com/atlas/,884,NULL,NULL
Hammerum,Denmark,56.1333,9.06667,manually from http://www.astro.com/atlas/,885,NULL,NULL
Hasle,Denmark,55.1833,14.7167,manually from http://www.astro.com/atlas/,886,NULL,NULL
Haslev,Denmark,55.3333,11.9667,manually from http://www.astro.com/atlas/,887,NULL,NULL
Hedehusene,Denmark,55.65,12.2,manually from http://www.astro.com/atlas/,888,NULL,NULL
Hedensted,Denmark,55.7667,9.7,manually from http://www.astro.com/atlas/,889,NULL,NULL
Helsinge,Denmark,56.0167,12.2,manually from http://www.astro.com/atlas/,890,NULL,NULL
Helsingoer,Denmark,56.0333,12.6167,manually from http://www.astro.com/atlas/,891,NULL,NULL
Helsingoer South,Denmark,56.0333,12.6167,manually from http://www.astro.com/atlas/,892,NULL,NULL
Herlev,Denmark,55.7167,12.45,manually from http://www.astro.com/atlas/,893,NULL,NULL
Herning,Denmark,56.1333,8.98333,manually from http://www.astro.com/atlas/,894,NULL,NULL
Hilleroed,Denmark,55.9333,12.3167,manually from http://www.astro.com/atlas/,895,NULL,NULL
Hinnerup,Denmark,56.2667,10.0667,manually from http://www.astro.com/atlas/,896,NULL,NULL
Hirtshals,Denmark,57.5833,9.96667,manually from http://www.astro.com/atlas/,897,NULL,NULL
Hjoerring,Denmark,57.4667,9.98333,manually from http://www.astro.com/atlas/,898,NULL,NULL
Hobro,Denmark,56.6333,9.8,manually from http://www.astro.com/atlas/,899,NULL,NULL
Holbaek,Denmark,55.7167,11.7167,manually from http://www.astro.com/atlas/,900,NULL,NULL
Holstebro,Denmark,56.35,8.63333,manually from http://www.astro.com/atlas/,901,NULL,NULL
Holte,Denmark,55.8167,12.4667,manually from http://www.astro.com/atlas/,902,NULL,NULL
Horsens,Denmark,55.8667,9.86667,manually from http://www.astro.com/atlas/,903,NULL,NULL
Humlebaek,Denmark,55.9667,12.55,manually from http://www.astro.com/atlas/,904,NULL,NULL
Ikast,Denmark,56.1333,9.16667,manually from http://www.astro.com/atlas/,905,NULL,NULL
Jyllinge,Denmark,55.75,12.1167,manually from http://www.astro.com/atlas/,906,NULL,NULL
Kalundborg,Denmark,55.6833,11.1,manually from http://www.astro.com/atlas/,907,NULL,NULL
Karlslunde,Denmark,55.5667,12.2333,manually from http://www.astro.com/atlas/,908,NULL,NULL
Kastrup,Denmark,55.6333,12.6333,manually from http://www.astro.com/atlas/,909,NULL,NULL
Kerteminde,Denmark,55.45,10.6667,manually from http://www.astro.com/atlas/,910,NULL,NULL
Kliplev,Denmark,54.9333,9.41667,manually from http://www.astro.com/atlas/,911,NULL,NULL
Kolding,Denmark,55.5167,9.48333,manually from http://www.astro.com/atlas/,912,NULL,NULL
Kolind,Denmark,56.3667,10.6167,manually from http://www.astro.com/atlas/,913,NULL,NULL
Korsoer,Denmark,55.3333,11.15,manually from http://www.astro.com/atlas/,914,NULL,NULL
Lemvig,Denmark,56.5333,8.3,manually from http://www.astro.com/atlas/,915,NULL,NULL
Lynge,Denmark,55.85,12.2833,manually from http://www.astro.com/atlas/,916,NULL,NULL
Mariager,Denmark,56.65,10,manually from http://www.astro.com/atlas/,917,NULL,NULL
Maribo,Denmark,54.7667,11.5167,manually from http://www.astro.com/atlas/,918,NULL,NULL
Middelfart,Denmark,55.5,9.75,manually from http://www.astro.com/atlas/,919,NULL,NULL
Naesby,Denmark,55.4167,10.3667,manually from http://www.astro.com/atlas/,920,NULL,NULL
Naestved,Denmark,55.2333,11.7667,manually from http://www.astro.com/atlas/,921,NULL,NULL
Nakskov,Denmark,54.8333,11.15,manually from http://www.astro.com/atlas/,922,NULL,NULL
Nivaa,Denmark,55.9333,12.5167,manually from http://www.astro.com/atlas/,923,NULL,NULL
Nyborg,Denmark,55.3167,10.8,manually from http://www.astro.com/atlas/,924,NULL,NULL
Odder,Denmark,55.9667,10.1667,manually from http://www.astro.com/atlas/,925,NULL,NULL
Otterup,Denmark,55.5167,10.4,manually from http://www.astro.com/atlas/,926,NULL,NULL
Randers,Denmark,56.4667,10.05,manually from http://www.astro.com/atlas/,927,NULL,NULL
Ribe,Denmark,55.35,8.76667,manually from http://www.astro.com/atlas/,928,NULL,NULL
Ringe,Denmark,55.2333,10.4833,manually from http://www.astro.com/atlas/,929,NULL,NULL
Ringkoebing,Denmark,56.0833,8.25,manually from http://www.astro.com/atlas/,930,NULL,NULL
Ringsted,Denmark,55.45,11.8167,manually from http://www.astro.com/atlas/,931,NULL,NULL
Roskilde,Denmark,55.6333,12.0833,manually from http://www.astro.com/atlas/,932,NULL,NULL
Roskilde East,Denmark,55.65,12.0833,manually from http://www.astro.com/atlas/,933,NULL,NULL
Rudkoebing,Denmark,54.9333,10.7167,manually from http://www.astro.com/atlas/,934,NULL,NULL
Silkeborg,Denmark,56.1667,9.56667,manually from http://www.astro.com/atlas/,935,NULL,NULL
Skaelskoer,Denmark,55.25,11.3167,manually from http://www.astro.com/atlas/,936,NULL,NULL
Skagen,Denmark,57.7333,10.6,manually from http://www.astro.com/atlas/,937,NULL,NULL
Skanderborg,Denmark,56.0333,9.93333,manually from http://www.astro.com/atlas/,938,NULL,NULL
Skive,Denmark,56.5667,9.03333,manually from http://www.astro.com/atlas/,939,NULL,NULL
Skjern,Denmark,55.95,8.5,manually from http://www.astro.com/atlas/,940,NULL,NULL
Slagelse,Denmark,55.4,11.35,manually from http://www.astro.com/atlas/,941,NULL,NULL
Slangerup,Denmark,55.85,12.1833,manually from http://www.astro.com/atlas/,942,NULL,NULL
Warren,United Kingdom,53.2333,-2.16667,manually from http://www.astro.com/atlas/,943,NULL,NULL
Boulogne Billancourt,France,48.8333,2.25,manually from http://www.astro.com/atlas/,944,NULL,NULL
Blindheim,Germany,48.6,10.5667,manually from http://www.astro.com/atlas/,947,NULL,NULL
Schwerin,Germany,53.6333,11.4167,manually from http://www.astro.com/atlas/,948,NULL,NULL
Pointe A Pitre,Guadeloupe,16.2333,-61.5333,manually from http://www.astro.com/atlas/,949,NULL,NULL
Arklow,Ireland,52.8,-6.15,manually from http://www.astro.com/atlas/,950,NULL,NULL
Tel Aviv,Israel,32.0667,34.7667,manually from http://www.astro.com/atlas/,951,NULL,NULL
Lamentin,Martinique,14.6167,-61.0167,manually from http://www.astro.com/atlas/,952,NULL,NULL
Le Lamentin,Martinique,14.6167,-61.0167,manually from http://www.astro.com/atlas/,953,NULL,NULL
Oldenzaal,Netherlands,52.3167,6.93333,manually from http://www.astro.com/atlas/,954,NULL,NULL
Tilburg,Netherlands,51.5667,5.08333,manually from http://www.astro.com/atlas/,955,NULL,NULL
Craiova,Romania,44.3167,23.8,manually from http://www.astro.com/atlas/,956,NULL,NULL
Dundee,Scotland,56.4667,-3,manually from http://www.astro.com/atlas/,957,NULL,NULL
Cairns,Australia,-16.9167,145.767,manually from http://www.astro.com/atlas/,958,NULL,NULL
Mornington,Australia,-38.2167,145.05,manually from http://www.astro.com/atlas/,959,NULL,NULL
Sunshine,Australia,-37.7833,144.833,manually from http://www.astro.com/atlas/,960,NULL,NULL
Wangaratta,Australia,-36.3667,146.333,manually from http://www.astro.com/atlas/,961,NULL,NULL
Chatham,Canada,42.4,-82.1833,manually from http://www.astro.com/atlas/,962,NULL,NULL
East York,Canada,43.6833,-79.3333,manually from http://www.astro.com/atlas/,963,NULL,NULL
Joliette,Canada,46.0167,-73.45,manually from http://www.astro.com/atlas/,964,NULL,NULL
Newmarket,Canada,44.05,-79.4667,manually from http://www.astro.com/atlas/,965,ON,NULL
Wildfield,Canada,43.8167,-79.7333,manually from http://www.astro.com/atlas/,966,NULL,NULL
Yorkton,Canada,51.2167,-102.467,manually from http://www.astro.com/atlas/,967,NULL,NULL
Hangzhou,China,30.25,120.167,manually from http://www.astro.com/atlas/,968,NULL,NULL
Hefei,China,31.85,117.283,manually from http://www.astro.com/atlas/,969,NULL,NULL
Jinan,China,36.6667,116.95,manually from http://www.astro.com/atlas/,970,NULL,NULL
Lanzhou,China,36.05,103.683,manually from http://www.astro.com/atlas/,971,NULL,NULL
Wuhan,China,30.6,114.283,manually from http://www.astro.com/atlas/,972,NULL,NULL
Chatham,United Kingdom,51.3833,0.533333,manually from http://www.astro.com/atlas/,973,NULL,NULL
Redditch,United Kingdom,52.3167,-1.93333,manually from http://www.astro.com/atlas/,974,NULL,NULL
Salo,Finland,60.3833,23.1333,manually from http://www.astro.com/atlas/,975,NULL,NULL
Tampere,Finland,61.5,23.75,manually from http://www.astro.com/atlas/,976,NULL,NULL
Vaasa,Finland,63.1,21.6,manually from http://www.astro.com/atlas/,977,NULL,NULL
Neuilly Sur Seine,France,48.8833,2.26667,manually from http://www.astro.com/atlas/,978,NULL,NULL
St.Lambert,France,48.7333,2.01667,manually from http://www.astro.com/atlas/,979,NULL,NULL
Villeneuve DAscq,France,50.6167,3.16667,manually from http://www.astro.com/atlas/,980,NULL,NULL
Esslingen,Germany,48.75,9.26667,manually from http://www.astro.com/atlas/,981,NULL,NULL
Hildesheim,Germany,52.15,9.95,manually from http://www.astro.com/atlas/,982,NULL,NULL
Mainz,Germany,50.0167,8.26667,manually from http://www.astro.com/atlas/,983,NULL,NULL
Mannheim,Germany,49.4833,8.48333,manually from http://www.astro.com/atlas/,984,NULL,NULL
Saarbruecken,Germany,49.2333,6.98333,manually from http://www.astro.com/atlas/,985,NULL,NULL
St.Augustin,Germany,50.7833,7.16667,manually from http://www.astro.com/atlas/,986,NULL,NULL
Cibinong,Indonesia,-6.45,106.85,manually from http://www.astro.com/atlas/,987,NULL,NULL
Firenze,Italy,43.7667,11.25,manually from http://www.astro.com/atlas/,988,NULL,NULL
Genova,Italy,44.4167,8.95,manually from http://www.astro.com/atlas/,989,NULL,NULL
Alkmaar,Netherlands,52.6333,4.75,manually from http://www.astro.com/atlas/,990,NULL,NULL
The Hague,Netherlands,52.1,4.3,manually from http://www.astro.com/atlas/,991,NULL,NULL
Utrecht,Netherlands,52.1,5.11667,manually from http://www.astro.com/atlas/,992,NULL,NULL
Gdansk,Poland,54.3833,18.8333,manually from http://www.astro.com/atlas/,993,NULL,NULL
Kalisz,Poland,51.7667,18.1,manually from http://www.astro.com/atlas/,994,NULL,NULL
Slupsk,Poland,54.4667,17.0167,manually from http://www.astro.com/atlas/,995,NULL,NULL
Porto,Portugal,41.1833,-8.6,manually from http://www.astro.com/atlas/,996,NULL,NULL
Cluj,Romania,46.7833,23.6,manually from http://www.astro.com/atlas/,997,NULL,NULL
Pitesti,Romania,44.8667,24.8667,manually from http://www.astro.com/atlas/,998,NULL,NULL
Valencia,Spain,39.4667,-0.366667,manually from http://www.astro.com/atlas/,999,NULL,NULL
Zaragoza,Spain,41.6333,-0.883333,manually from http://www.astro.com/atlas/,1000,NULL,NULL
Vasteras,Sweden,59.6167,16.55,manually from http://www.astro.com/atlas/,1001,NULL,NULL
Gaziantep,Turkey,37.0833,37.3667,manually from http://www.astro.com/atlas/,1002,NULL,NULL
*,Austria,48.2167,16.3333,manually from http://www.astro.com/atlas/ (cloned),1003,NULL,NULL
*,Belgium,50.8333,4.33333,manually from http://www.astro.com/atlas/ (cloned),1004,NULL,NULL
*,Brunei,4.93333,114.917,manually from http://www.astro.com/atlas/ (cloned),1005,NULL,NULL
*,Croatia,45.8,15.9667,manually from http://www.astro.com/atlas/ (cloned),1006,NULL,NULL
*,Denmark,55.6667,12.5833,manually from http://www.astro.com/atlas/ (cloned),1007,NULL,NULL
*,Poland,52.2333,21,http://www.infoplease.com/ipa/A0001769.html (cloned),1317,NULL,NULL
*,Greece,37.9667,23.7167,manually from http://www.astro.com/atlas/ (cloned),1009,NULL,NULL
*,Israel,31.7667,35.2333,manually from http://www.astro.com/atlas/ (cloned),1010,NULL,NULL
*,Netherlands,52.3667,4.9,manually from http://www.astro.com/atlas/ (cloned),1011,NULL,used amsterdam which is true capital;\nThe Hague is seat of government
*,Norway,59.9167,10.75,manually from http://www.astro.com/atlas/ (cloned),1012,NULL,NULL
*,Finland,60.1667,25,http://www.infoplease.com/ipa/A0001769.html (cloned),1316,NULL,NULL
*,Reunion,-20.8667,55.4667,manually from http://www.astro.com/atlas/ (cloned),1014,NULL,NULL
*,Slovenia,46.05,14.5167,manually from http://www.astro.com/atlas/ (cloned),1015,NULL,NULL
*,Sweden,59.3333,18.05,manually from http://www.astro.com/atlas/ (cloned),1016,NULL,NULL
*,Switzerland,46.95,7.43333,manually from http://www.astro.com/atlas/ (cloned),1017,NULL,NULL
*,France,48.8,2.33333,http://www.infoplease.com/ipa/A0001769.html (cloned),1019,NULL,NULL
*,Spain,40.4333,-3.7,http://www.infoplease.com/ipa/A0001769.html (cloned),1020,NULL,NULL
Freestone,Australia,-28.1333,152.133,manually from http://www.astro.com/atlas/,1021,NULL,NULL
Liverpool,Australia,-33.9,150.933,manually from http://www.astro.com/atlas/,1022,NULL,NULL
Toowoomba,Australia,-27.55,151.95,manually from http://www.astro.com/atlas/,1023,NULL,NULL
Feldkirch,Austria,47.2333,9.6,manually from http://www.astro.com/atlas/,1024,NULL,NULL
Zaventem,Belgium,50.8833,4.46667,manually from http://www.astro.com/atlas/,1025,NULL,NULL
Joensuu,Finland,62.6,29.7667,manually from http://www.astro.com/atlas/,1026,NULL,NULL
Neuilly Sur Marne,France,48.85,2.53333,manually from http://www.astro.com/atlas/,1027,NULL,NULL
Magdeburg,Germany,52.1167,11.6333,manually from http://www.astro.com/atlas/,1028,NULL,NULL
Riga,Latvia,56.95,24.1,manually from http://www.astro.com/atlas/,1029,NULL,NULL
Ulaanbaatar,Mongolia,47.9167,106.883,manually from http://www.astro.com/atlas/,1030,NULL,NULL
Bydgoszcz,Poland,53.1333,18,manually from http://www.astro.com/atlas/,1031,NULL,NULL
Iasi,Romania,47.1667,27.5833,manually from http://www.astro.com/atlas/,1032,NULL,NULL
Timisoara,Romania,45.75,21.2167,manually from http://www.astro.com/atlas/,1033,NULL,NULL
Lund,Sweden,55.7,13.1833,manually from http://www.astro.com/atlas/,1034,NULL,NULL
Izmir,Turkey,38.4167,27.15,manually from http://www.astro.com/atlas/,1035,NULL,NULL
Koege,Denmark,55.45,12.1833,manually from http://www.astro.com/atlas/,1036,NULL,NULL
Ste.Genevieve Des Bois,France,48.6333,2.33333,manually from http://www.astro.com/atlas/,1037,NULL,NULL
Lagny,France,48.8667,2.71667,manually from http://www.astro.com/atlas/,1038,NULL,NULL
Frankston,Australia,-38.1333,145.117,manually from http://www.astro.com/atlas/,1039,NULL,NULL
Sundsvall,Sweden,62.3833,17.3,manually from http://www.astro.com/atlas/,1040,NULL,NULL
New Westminster,Canada,49.2,-122.917,manually from http://www.astro.com/atlas/,1041,BC,NULL
Cardiff,Wales,51.4833,-3.21667,manually from http://www.astro.com/atlas/,1042,NULL,NULL
Vernon,Canada,50.2667,-119.267,manually from http://www.astro.com/atlas/,1043,BC,NULL
Brighton,United Kingdom,50.8333,-0.133333,manually from http://www.astro.com/atlas/,1044,NULL,NULL
Xian City,China,34.25,108.867,manually from http://www.astro.com/atlas/,1045,Shanxi,NULL
Galway,Ireland,53.2667,-9.05,manually from http://www.astro.com/atlas/,1046,NULL,NULL
Quezon City,Philippines,14.6333,121.05,manually from http://www.astro.com/atlas/,1047,NULL,NULL
Roosendaal,Netherlands,51.5333,4.46667,manually from http://www.astro.com/atlas/,1048,NULL,NULL
Medan,Indonesia,3.58333,98.6667,manually from http://www.astro.com/atlas/,1049,NULL,NULL
Bayonne,France,43.4833,-1.48333,manually from http://www.astro.com/atlas/,1050,NULL,NULL
Tranebjerg,Denmark,55.8333,10.6,manually from http://www.astro.com/atlas/,1051,NULL,NULL
Castlebar,Ireland,53.8667,-9.28333,manually from http://www.astro.com/atlas/,1052,NULL,NULL
Obbola,Sweden,63.7,20.3167,manually from http://www.astro.com/atlas/,1053,NULL,NULL
Thomastown,Australia,-37.6833,145.017,manually from http://www.astro.com/atlas/,1054,NULL,NULL
Viborg,Denmark,56.4333,9.4,manually from http://www.astro.com/atlas/,1055,NULL,NULL
Vejle,Denmark,55.7167,9.53333,manually from http://www.astro.com/atlas/,1056,NULL,NULL
Varde,Denmark,55.6333,8.48333,manually from http://www.astro.com/atlas/,1057,NULL,NULL
Svendborg,Denmark,55.05,10.6167,manually from http://www.astro.com/atlas/,1058,NULL,NULL
Vilvoorde,Belgium,50.9333,4.43333,manually from http://www.astro.com/atlas/,1059,NULL,NULL
Kilkis,Greece,41,22.8833,manually from http://www.astro.com/atlas/,1061,NULL,NULL
Lulea,Sweden,65.5667,22.1667,manually from http://www.astro.com/atlas/,1062,NULL,NULL
Struer,Denmark,56.4833,8.61667,manually from http://www.astro.com/atlas/,1063,NULL,NULL
Tarm,Denmark,55.9167,8.53333,manually from http://www.astro.com/atlas/,1064,NULL,NULL
Strasburg,Germany,53.5,13.7333,manually from http://www.astro.com/atlas/,1065,NULL,NULL
Bistrita,Romania,47.1333,24.5,manually from http://www.astro.com/atlas/,1067,NULL,NULL
Umea,Sweden,63.8333,20.25,manually from http://www.astro.com/atlas/,1068,NULL,NULL
Haifa,Israel,32.8167,34.9833,manually from http://www.astro.com/atlas/,1069,NULL,NULL
Saint Denis,France,48.9333,2.36667,manually from http://www.astro.com/atlas/,1070,NULL,NULL
Metz,France,49.1333,6.16667,manually from http://www.astro.com/atlas/,1071,NULL,NULL
Sudbury,Canada,46.5,-81,manually from http://www.astro.com/atlas/,1072,ON,NULL
Konstanz,Germany,47.6667,9.16667,manually from http://www.astro.com/atlas/,1073,NULL,NULL
Heilbronn,Germany,49.1333,9.21667,manually from http://www.astro.com/atlas/,1074,NULL,NULL
Heraklion,Greece,35.3333,25.1333,manually from http://www.astro.com/atlas/,1075,NULL,NULL
Oradea,Romania,47.05,21.95,manually from http://www.astro.com/atlas/,1076,NULL,NULL
Bialystok,Poland,53.15,23.15,manually from http://www.astro.com/atlas/,1077,NULL,NULL
Annecy,France,45.9,6.11667,manually from http://www.astro.com/atlas/,1078,NULL,NULL
Amiens,France,49.9,2.3,manually from http://www.astro.com/atlas/,1079,NULL,NULL
Clermont,France,49.3833,2.4,manually from http://www.astro.com/atlas/,1080,NULL,NULL
Corte,France,42.3,9.13333,manually from http://www.astro.com/atlas/,1081,NULL,NULL
Kalmar,Sweden,56.6667,16.3667,manually from http://www.astro.com/atlas/,1082,NULL,NULL
Huddinge,Sweden,59.2333,17.9833,manually from http://www.astro.com/atlas/,1083,NULL,NULL
Dubbo,Australia,-32.25,148.6,manually from http://www.astro.com/atlas/,1084,NULL,NULL
Berne,Switzerland,46.95,7.43333,manually from http://www.astro.com/atlas/,1085,NULL,NULL
Jerusalem,Israel,31.7667,35.2333,manually from http://www.astro.com/atlas/,1087,NULL,NULL
Ahmadabad,India,23.0333,72.6167,manually from http://www.astro.com/atlas/,1088,NULL,NULL
Warszawa,Poland,52.25,21,manually from http://www.astro.com/atlas/,1089,NULL,NULL
Salvaterra de Magos,Portugal,39.0167,-8.8,manually from http://www.astro.com/atlas/,1090,NULL,NULL
Kazan,Russia,55.8167,49.1333,manually from http://www.astro.com/atlas/,1091,NULL,NULL
London,Canada,42.9833,-81.2333,manually from http://www.astro.com/atlas/,1092,ON,NULL
*,Germany,52.5,13.4167,http://www.infoplease.com/ipa/A0001769.html (cloned),1093,NULL,NULL
*,Hungary,47.5,19.0833,http://www.infoplease.com/ipa/A0001769.html (cloned),1094,NULL,NULL
New Delhi,India,28.6,77.2,manually from http://www.astro.com/atlas/,1095,NULL,NULL
*,India,28.6,77.2,manually from http://www.astro.com/atlas/ (cloned),1096,NULL,NULL
Hyderabad,India,17.3833,78.4833,manually from http://www.astro.com/atlas/,1097,NULL,NULL
*,Italy,41.9,12.45,http://www.infoplease.com/ipa/A0001769.html (cloned),1098,NULL,NULL
*,Libya,32.95,13.2,http://www.infoplease.com/ipa/A0001769.html (cloned),1099,NULL,NULL
Valletta,Malta,35.9,14.5167,manually from http://www.astro.com/atlas/,1100,NULL,NULL
*,Malta,35.9,14.5167,manually from http://www.astro.com/atlas/ (cloned),1101,NULL,NULL
Rabat,Morocco,34.0333,-6.85,manually from http://www.astro.com/atlas/,1102,NULL,NULL
*,Morocco,34.0333,-6.85,manually from http://www.astro.com/atlas/ (cloned),1103,NULL,NULL
Tunis,Tunisia,36.8,10.1833,manually from http://www.astro.com/atlas/,1104,NULL,NULL
*,Tunisia,36.8,10.1833,manually from http://www.astro.com/atlas/ (cloned),1105,NULL,NULL
*,Ukraine,50.4333,30.5167,manually from http://www.astro.com/atlas/ (cloned),1106,NULL,NULL
*,United Kingdom,51.5333,-0.0833333,http://www.infoplease.com/ipa/A0001769.html (cloned),1107,NULL,NULL
Goettingen,Germany,51.5333,9.91667,manually from http://www.astro.com/atlas/,1108,NULL,NULL
Goetzis,Austria,47.3333,9.63333,manually from http://www.astro.com/atlas/,1109,NULL,NULL
*,Australia,-35.2833,149.133,manually from http://www.astro.com/atlas/ (cloned),1110,NULL,NULL
*,Canada,45.4167,-75.7,manually from http://www.astro.com/atlas/ (cloned),1111,NULL,NULL
*,China,39.9167,116.417,http://www.infoplease.com/ipa/A0001769.html (cloned),1112,NULL,NULL
*,Indonesia,-6.26667,106.8,http://www.infoplease.com/ipa/A0001769.html (cloned),1113,NULL,NULL
*,Japan,35.6667,139.75,http://www.infoplease.com/ipa/A0001769.html (cloned),1114,NULL,NULL
*,South Korea,37.55,126.967,manually from http://www.astro.com/atlas/ (cloned),1115,NULL,NULL
*,Mongolia,47.9167,106.883,manually from http://www.astro.com/atlas/ (cloned),1116,NULL,NULL
*,New Zealand,-41.2833,174.783,http://www.infoplease.com/ipa/A0001769.html (cloned),1117,NULL,NULL
*,Papua New Guinea,-9.41667,147.133,http://www.infoplease.com/ipa/A0001769.html (cloned),1118,NULL,NULL
*,Philippines,14.5833,120.95,http://www.infoplease.com/ipa/A0001769.html (cloned),1119,NULL,NULL
*,Singapore,1.23333,103.917,http://www.infoplease.com/ipa/A0001769.html (cloned),1120,NULL,NULL
*,Taiwan,25.05,121.517,manually from http://www.astro.com/atlas/ (cloned),1121,NULL,NULL
*,Thailand,13.75,100.5,http://www.infoplease.com/ipa/A0001769.html (cloned),1122,NULL,NULL
*,Turkey,39.9167,32.9167,http://www.infoplease.com/ipa/A0001769.html (cloned),1123,NULL,NULL
Dhaka,Bangladesh,23.7167,90.4167,manually from http://www.astro.com/atlas/,1124,NULL,NULL
Thimbu,Bhutan,27.4667,89.65,manually from http://www.astro.com/atlas/,1125,NULL,NULL
Phnom Penh,Cambodia,11.55,104.917,manually from http://www.astro.com/atlas/,1126,NULL,NULL
Suva,Fiji,-18.1333,178.417,manually from http://www.astro.com/atlas/,1127,NULL,NULL
Tarawa,Kiribati,1.41667,173,manually from http://www.astro.com/atlas/,1128,NULL,NULL
Vientiane,Laos,17.9667,102.6,manually from http://www.astro.com/atlas/,1129,NULL,NULL
Kuala Lumpur,Malaysia,3.16667,101.7,manually from http://www.astro.com/atlas/,1130,NULL,NULL
Male,Maldives,4.16667,73.5,manually from http://www.astro.com/atlas/,1131,NULL,NULL
*,Bangladesh,23.7167,90.4167,manually from http://www.astro.com/atlas/ (cloned),1132,NULL,NULL
*,Malaysia,3.16667,101.7,manually from http://www.astro.com/atlas/ (cloned),1133,NULL,NULL
*,Maldives,4.16667,73.5,manually from http://www.astro.com/atlas/ (cloned),1134,NULL,NULL
*,Cambodia,11.55,104.917,manually from http://www.astro.com/atlas/ (cloned),1135,NULL,NULL
*,Fiji,-18.1333,178.417,manually from http://www.astro.com/atlas/ (cloned),1136,NULL,NULL
*,Kiribati,1.41667,173,manually from http://www.astro.com/atlas/ (cloned),1137,NULL,NULL
*,Bhutan,27.4667,89.65,manually from http://www.astro.com/atlas/ (cloned),1138,NULL,NULL
*,Laos,17.9667,102.6,manually from http://www.astro.com/atlas/ (cloned),1139,NULL,NULL
Port Louis,Mauritius,-20.1667,57.5,manually from http://www.astro.com/atlas/,1140,NULL,NULL
Kathmandu,Nepal,27.7167,85.3167,manually from http://www.astro.com/atlas/,1141,NULL,NULL
Islamabad,Pakistan,33.7,73.1667,manually from http://www.astro.com/atlas/,1142,NULL,NULL
Apia,Samoa,-13.8333,-171.733,manually from http://www.astro.com/atlas/,1143,NULL,NULL
Honiara,Solomon Islands,-9.43333,159.95,manually from http://www.astro.com/atlas/,1144,NULL,NULL
Colombo,Sri Lanka,6.93333,79.85,manually from http://www.astro.com/atlas/,1145,NULL,NULL
Nukualofa,Tonga,-21.1333,-175.2,manually from http://www.astro.com/atlas/,1146,NULL,NULL
Port Vila,Vanuatu,-17.7333,168.317,manually from http://www.astro.com/atlas/,1147,NULL,NULL
Hanoi,Vietnam,21.0333,105.85,manually from http://www.astro.com/atlas/,1148,NULL,NULL
Fanafuti,Tuvalu,-8.51667,179.217,manually from http://www.astro.com/atlas/,1161,NULL,NULL
*,Samoa,-13.8333,-171.733,manually from http://www.astro.com/atlas/ (cloned),1150,NULL,NULL
*,Sri Lanka,6.93333,79.85,manually from http://www.astro.com/atlas/ (cloned),1151,NULL,NULL
*,Vietnam,21.0333,105.85,manually from http://www.astro.com/atlas/ (cloned),1152,NULL,NULL
*,Solomon Islands,-9.43333,159.95,manually from http://www.astro.com/atlas/ (cloned),1153,NULL,NULL
*,Pakistan,33.7,73.1667,manually from http://www.astro.com/atlas/ (cloned),1154,NULL,NULL
*,Nepal,27.7167,85.3167,manually from http://www.astro.com/atlas/ (cloned),1155,NULL,NULL
*,Tonga,-21.1333,-175.2,manually from http://www.astro.com/atlas/ (cloned),1156,NULL,NULL
*,Mauritius,-20.1667,57.5,manually from http://www.astro.com/atlas/ (cloned),1157,NULL,NULL
*,Vanuatu,-17.7333,168.317,manually from http://www.astro.com/atlas/ (cloned),1158,NULL,NULL
*,Burma,16.8333,96,http://www.infoplease.com/ipa/A0001769.html (cloned),1160,NULL,NULL
Bloemfontein,South Africa,-29.2,26.1167,manually from http://www.astro.com/atlas/,1162,NULL,NULL
*,Tuvalu,-8.51667,179.217,manually from http://www.astro.com/atlas/ (cloned),1163,NULL,NULL
Avarua,Cook Islands,-21.2,-159.767,manually from http://www.astro.com/atlas/,1164,NULL,NULL
Papeete,French Polynesia,-17.5333,-149.567,manually from http://www.astro.com/atlas/,1165,NULL,NULL
Noumea,New Caledonia,-22.2667,166.45,manually from http://www.astro.com/atlas/,1166,NULL,NULL
*,Cook Islands,-21.2,-159.767,manually from http://www.astro.com/atlas/ (cloned),1167,NULL,NULL
*,New Caledonia,-22.2667,166.45,manually from http://www.astro.com/atlas/ (cloned),1168,NULL,NULL
*,French Polynesia,-17.5333,-149.567,manually from http://www.astro.com/atlas/ (cloned),1169,NULL,NULL
*,South Africa,-33.9167,18.3667,http://www.infoplease.com/ipa/A0001769.html (cloned),1170,NULL,chose legislative capital
*,Colombia,4.53333,-74.25,http://www.infoplease.com/ipa/A0001769.html (cloned),1171,NULL,NULL
Kamloops,Canada,50.6667,-120.333,manually from http://www.astro.com/atlas/,1172,BC,NULL
Cambridge,Canada,43.3667,-80.3167,manually from http://www.astro.com/atlas/,1173,ON,NULL
Port Coquitlam,Canada,49.2667,-122.767,manually from http://www.astro.com/atlas/,1174,BC,NULL
Swift Current,Canada,50.2833,-107.833,manually from http://www.astro.com/atlas/,1175,SK,NULL
Chengdu,China,30.65,104.067,manually from http://www.astro.com/atlas/,1176,Sichuan,NULL
Kunming,China,25.0833,102.667,manually from http://www.astro.com/atlas/,1177,Yunnan,NULL
Nanning,China,22.8,108.333,manually from http://www.astro.com/atlas/,1178,Guangxi,NULL
Shenyang,China,41.8,123.45,manually from http://www.astro.com/atlas/,1179,Liaoning,NULL
Zhengzhou,China,34.8,113.65,manually from http://www.astro.com/atlas/,1180,Henan,NULL
*,Canada,50.4167,-104.65,manually from http://www.astro.com/atlas/ (cloned),1181,SK,NULL
*,Canada,53.55,-113.467,manually from http://www.astro.com/atlas/ (cloned),1182,AB,NULL
Macau,Macau,22.2333,113.583,manually from http://www.astro.com/atlas/,1183,NULL,NULL
*,Macau,22.2333,113.583,manually from http://www.astro.com/atlas/ (cloned),1184,NULL,NULL
Yaren,Nauru,-0.55,166.91,world-gazetteer.com,1185,NULL,NULL
*,Nauru,-0.55,166.91,world-gazetteer.com (cloned),1186,NULL,NULL
*,Northern Mariana Islands,15.13,145.69,world-gazetteer.com,1187,NULL,location of San Antonio, large(st) city, NOT of Capitol\nHill, admin capital
Koror,Palau,7.35,134.51,world-gazetteer.com,1188,NULL,NULL
*,Palau,7.35,134.51,world-gazetteer.com (cloned),1189,NULL,NULL
*,British Indian Ocean Territory,-6,71.5,http://www.cia.gov/cia/publications/factbook/geos/io.html,1190,NULL,generic location for country, not city-specific
Sapporo,Japan,43.05,141.35,manually from http://www.astro.com/atlas/,1191,NULL,NULL
Wesel,Germany,51.6667,6.63333,manually from http://www.astro.com/atlas/,1192,NULL,NULL
Ashqelon,Israel,31.6667,34.5833,manually from http://www.astro.com/atlas/,1193,NULL,NULL
Angelholm,Sweden,56.25,12.85,manually from http://www.astro.com/atlas/,1194,NULL,NULL
Xanthi,Greece,41.1333,24.8833,manually from http://www.astro.com/atlas/,1195,NULL,NULL
Limerick,Ireland,52.6667,-8.63333,manually from http://www.astro.com/atlas/,1196,NULL,NULL
Nanterre,France,48.8833,2.2,manually from http://www.astro.com/atlas/,1197,NULL,NULL
*,Canada,48.4167,-123.367,manually from http://www.astro.com/atlas/ (cloned),1202,BC,NULL
Galati,Romania,45.4333,28.05,manually from http://www.astro.com/atlas/,1199,NULL,NULL
*,Australia,-34,151,http://www.infoplease.com/ipa/A0001769.html,1201,NSW,NULL
*,Canada,43.65,-79.3833,manually from http://www.astro.com/atlas/ (cloned),1203,ON,NULL
*,Brazil,-15.7667,-47.9167,manually from http://www.astro.com/atlas/ (cloned),1204,NULL,NULL
Amman,Jordan,31.95,35.9333,manually from http://www.astro.com/atlas/,1205,NULL,NULL
*,Jordan,31.95,35.9333,manually from http://www.astro.com/atlas/ (cloned),1206,NULL,NULL
*,Ireland,53.3333,-6.25,http://www.infoplease.com/ipa/A0001769.html (cloned),1207,NULL,NULL
*,Algeria,36.8333,3,http://www.infoplease.com/ipa/A0001769.html (cloned),1208,NULL,NULL
Tirane,Albania,41.3333,19.8333,manually from http://www.astro.com/atlas/,1209,NULL,NULL
Andorra,Andorra,42.5,1.51667,manually from http://www.astro.com/atlas/,1210,NULL,NULL
Yerevan,Armenia,40.1833,44.5,manually from http://www.astro.com/atlas/,1211,NULL,NULL
Baku,Azerbaijan,40.3833,49.85,manually from http://www.astro.com/atlas/,1212,NULL,NULL
*,Albania,41.3333,19.8333,manually from http://www.astro.com/atlas/ (cloned),1213,NULL,NULL
*,Andorra,42.5,1.51667,manually from http://www.astro.com/atlas/ (cloned),1214,NULL,NULL
*,Argentina,-34.5833,-58.3667,http://www.infoplease.com/ipa/A0001769.html (cloned),1215,NULL,NULL
*,Armenia,40.1833,44.5,manually from http://www.astro.com/atlas/ (cloned),1216,NULL,NULL
*,Azerbaijan,40.3833,49.85,manually from http://www.astro.com/atlas/ (cloned),1217,NULL,NULL
Addis Ababa,Ethiopia,9.03333,38.7,manually from http://www.astro.com/atlas/,1218,NULL,NULL
Sarajevo,Bosnia and Herzegovina,43.8667,18.4167,manually from http://www.astro.com/atlas/,1219,NULL,NULL
Yamoussoukro,Ivory Coast,6.81667,-5.28333,manually from http://www.astro.com/atlas/,1220,NULL,NULL
Yaound,Cameroon,3.86667,11.5167,manually from http://www.astro.com/atlas/,1221,NULL,NULL
Nicosia,Cyprus,35.1667,33.3667,manually from http://www.astro.com/atlas/,1222,NULL,NULL
Manama,Bahrain,26.2167,50.5833,manually from http://www.astro.com/atlas/,1223,NULL,NULL
Porto-Novo,Benin,6.48333,2.61667,manually from http://www.astro.com/atlas/,1224,NULL,NULL
Ouagadougou,Burkina Faso,12.3667,-1.51667,manually from http://www.astro.com/atlas/,1225,NULL,NULL
Abu Dhabi,United Arab Emirates,24.4667,54.3667,manually from http://www.astro.com/atlas/,1226,NULL,NULL
Libreville,Gabon,0.383333,9.45,manually from http://www.astro.com/atlas/,1227,NULL,NULL
Accra,Ghana,5.55,-0.216667,manually from http://www.astro.com/atlas/,1228,NULL,NULL
Banjul,Gambia,13.4667,-16.65,manually from http://www.astro.com/atlas/,1229,NULL,NULL
Kuwait City,Kuwait,29.3333,47.9833,manually from http://www.astro.com/atlas/,1230,NULL,NULL
Beirut,Lebanon,33.8833,35.5,manually from http://www.astro.com/atlas/,1231,NULL,NULL
Vaduz,Liechtenstein,47.15,9.51667,manually from http://www.astro.com/atlas/,1232,NULL,NULL
Vilnius,Lithuania,54.6833,25.3167,manually from http://www.astro.com/atlas/,1233,NULL,NULL
Monaco,Monaco,43.7,7.38333,manually from http://www.astro.com/atlas/,1234,NULL,NULL
Chisinau,Moldova,47,28.8333,manually from http://www.astro.com/atlas/,1235,NULL,NULL
Skopje,Macedonia,41.9833,21.4333,manually from http://www.astro.com/atlas/,1236,NULL,NULL
Abuja,Nigeria,9.2,7.18333,manually from http://www.astro.com/atlas/,1237,NULL,NULL
Muscat,Oman,23.6167,58.5833,manually from http://www.astro.com/atlas/,1238,NULL,NULL
Doha,Qatar,25.2833,51.5333,manually from http://www.astro.com/atlas/,1239,NULL,NULL
Khartoum,Sudan,15.6,32.5333,manually from http://www.astro.com/atlas/,1240,NULL,NULL
Freetown,Sierra Leone,8.5,-13.25,manually from http://www.astro.com/atlas/,1241,NULL,NULL
San Marino,San Marino,43.9167,12.4667,manually from http://www.astro.com/atlas/,1242,NULL,NULL
Damascus,Syria,33.5,36.3,manually from http://www.astro.com/atlas/,1243,NULL,NULL
Lome,Togo,6.13333,1.21667,manually from http://www.astro.com/atlas/,1244,NULL,NULL
Kampala,Uganda,0.316667,32.4167,manually from http://www.astro.com/atlas/,1245,NULL,NULL
Tashkent,Uzbekistan,41.3333,69.3,manually from http://www.astro.com/atlas/,1246,NULL,NULL
Vatican City,Vatican City,41.9,12.45,manually from http://www.astro.com/atlas/,1247,NULL,NULL
*,Bahrain,26.2167,50.5833,manually from http://www.astro.com/atlas/ (cloned),1248,NULL,NULL
*,Belarus,53.9,27.5667,manually from http://www.astro.com/atlas/ (cloned),1249,NULL,NULL
*,Benin,6.48333,2.61667,manually from http://www.astro.com/atlas/ (cloned),1250,NULL,NULL
*,Bosnia and Herzegovina,43.8667,18.4167,manually from http://www.astro.com/atlas/ (cloned),1251,NULL,NULL
*,Bulgaria,42.6667,23.3333,http://www.infoplease.com/ipa/A0001769.html (cloned),1252,NULL,NULL
*,Burkina Faso,12.3667,-1.51667,manually from http://www.astro.com/atlas/ (cloned),1253,NULL,NULL
*,Chile,-33.4667,-70.75,http://www.infoplease.com/ipa/A0001769.html (cloned),1254,NULL,NULL
*,Cuba,23.1333,-82.3833,http://www.infoplease.com/ipa/A0001769.html (cloned),1255,NULL,NULL
*,Cyprus,35.1667,33.3667,manually from http://www.astro.com/atlas/ (cloned),1256,NULL,NULL
*,Czech Republic,50.0833,14.4333,http://www.infoplease.com/ipa/A0001769.html (cloned),1257,NULL,NULL
*,Djibouti,11.5,43.05,http://www.infoplease.com/ipa/A0001769.html (cloned),1258,NULL,NULL
*,Egypt,30.0333,31.35,http://www.infoplease.com/ipa/A0001769.html (cloned),1259,NULL,NULL
*,Estonia,59.4167,24.75,manually from http://www.astro.com/atlas/ (cloned),1260,NULL,NULL
*,Ethiopia,9.03333,38.7,manually from http://www.astro.com/atlas/ (cloned),1261,NULL,NULL
*,Gabon,0.383333,9.45,manually from http://www.astro.com/atlas/ (cloned),1262,NULL,NULL
*,Gambia,13.4667,-16.65,manually from http://www.astro.com/atlas/ (cloned),1263,NULL,NULL
*,Ghana,5.55,-0.216667,manually from http://www.astro.com/atlas/ (cloned),1264,NULL,NULL
*,Guatemala,14.6167,-90.5167,http://www.infoplease.com/ipa/A0001769.html (cloned),1265,NULL,NULL
*,Guyana,6.75,-58.25,http://www.infoplease.com/ipa/A0001769.html (cloned),1266,NULL,NULL
*,Vatican City,41.9,12.45,manually from http://www.astro.com/atlas/ (cloned),1267,NULL,NULL
*,Iceland,64.0667,-21.9667,http://www.infoplease.com/ipa/A0001769.html (cloned),1268,NULL,NULL
*,Jamaica,17.9833,-76.8167,http://www.infoplease.com/ipa/A0001769.html (cloned),1269,NULL,NULL
*,Kenya,-1.41667,36.9167,http://www.infoplease.com/ipa/A0001769.html (cloned),1270,NULL,NULL
*,Kuwait,29.3333,47.9833,manually from http://www.astro.com/atlas/ (cloned),1271,NULL,NULL
*,Latvia,56.95,24.1,manually from http://www.astro.com/atlas/ (cloned),1272,NULL,NULL
*,Lebanon,33.8833,35.5,manually from http://www.astro.com/atlas/ (cloned),1273,NULL,NULL
*,Liechtenstein,47.15,9.51667,manually from http://www.astro.com/atlas/ (cloned),1274,NULL,NULL
*,Lithuania,54.6833,25.3167,manually from http://www.astro.com/atlas/ (cloned),1275,NULL,NULL
*,Luxembourg,49.6,6.15,manually from http://www.astro.com/atlas/ (cloned),1276,NULL,NULL
*,Macedonia,41.9833,21.4333,manually from http://www.astro.com/atlas/ (cloned),1277,NULL,NULL
*,Mexico,19.4333,-99.1167,http://www.infoplease.com/ipa/A0001769.html (cloned),1278,NULL,NULL
*,Moldova,47,28.8333,manually from http://www.astro.com/atlas/ (cloned),1279,NULL,NULL
*,Monaco,43.7,7.38333,manually from http://www.astro.com/atlas/ (cloned),1280,NULL,NULL
*,Nigeria,9.2,7.18333,manually from http://www.astro.com/atlas/ (cloned),1281,NULL,NULL
*,Oman,23.6167,58.5833,manually from http://www.astro.com/atlas/ (cloned),1282,NULL,NULL
*,Panama,8.96667,-79.5333,http://www.infoplease.com/ipa/A0001769.html (cloned),1283,NULL,NULL
*,Paraguay,-25.25,-57.6667,http://www.infoplease.com/ipa/A0001769.html (cloned),1284,NULL,NULL
*,Peru,-12,-77.0333,http://www.infoplease.com/ipa/A0001769.html (cloned),1285,NULL,NULL
*,Portugal,38.7333,-9.15,http://www.infoplease.com/ipa/A0001769.html (cloned),1286,NULL,NULL
*,Qatar,25.2833,51.5333,manually from http://www.astro.com/atlas/ (cloned),1287,NULL,NULL
*,Romania,44.4167,26.1167,http://www.infoplease.com/ipa/A0001769.html (cloned),1288,NULL,NULL
*,Russia,55.75,37.6,http://www.infoplease.com/ipa/A0001769.html (cloned),1289,NULL,NULL
*,San Marino,43.9167,12.4667,manually from http://www.astro.com/atlas/ (cloned),1290,NULL,NULL
*,Senegal,14.6667,-17.4667,http://www.infoplease.com/ipa/A0001769.html (cloned),1291,NULL,NULL
*,Sierra Leone,8.5,-13.25,manually from http://www.astro.com/atlas/ (cloned),1292,NULL,NULL
*,Slovakia,48.15,17.1167,manually from http://www.astro.com/atlas/ (cloned),1293,NULL,NULL
*,Sudan,15.6,32.5333,manually from http://www.astro.com/atlas/ (cloned),1294,NULL,NULL
*,Suriname,5.75,-55.25,http://www.infoplease.com/ipa/A0001769.html (cloned),1295,NULL,NULL
*,Syria,33.5,36.3,manually from http://www.astro.com/atlas/ (cloned),1296,NULL,NULL
*,Togo,6.13333,1.21667,manually from http://www.astro.com/atlas/ (cloned),1297,NULL,NULL
*,Uganda,0.316667,32.4167,manually from http://www.astro.com/atlas/ (cloned),1298,NULL,NULL
*,United Arab Emirates,24.4667,54.3667,manually from http://www.astro.com/atlas/ (cloned),1299,NULL,NULL
*,Uruguay,-34.8833,-56.1667,http://www.infoplease.com/ipa/A0001769.html (cloned),1300,NULL,NULL
*,Uzbekistan,41.3333,69.3,manually from http://www.astro.com/atlas/ (cloned),1301,NULL,NULL
*,Venezuela,10.4667,-67.0333,http://www.infoplease.com/ipa/A0001769.html (cloned),1302,NULL,NULL
*,Yugoslavia,44.8667,20.5333,http://www.infoplease.com/ipa/A0001769.html (cloned),1303,NULL,NULL
*,Iran,35.75,51.75,http://www.infoplease.com/ipa/A0001769.html (cloned),1304,NULL,NULL
Tbilisi,Georgia,41.7167,44.8167,manually from http://www.astro.com/atlas/,1305,NULL,NULL
Gibraltar,Gibraltar,36.1333,-5.35,manually from http://www.astro.com/atlas/,1306,NULL,NULL
Nuuk,Greenland,64.1833,-51.7333,manually from http://www.astro.com/atlas/,1307,NULL,NULL
Bamako,Mali,12.65,-8,manually from http://www.astro.com/atlas/,1308,NULL,NULL
Riyadh,Saudi Arabia,24.6333,46.7167,manually from http://www.astro.com/atlas/,1309,NULL,NULL
*,Georgia,41.7167,44.8167,manually from http://www.astro.com/atlas/ (cloned),1310,NULL,NULL
*,Gibraltar,36.1333,-5.35,manually from http://www.astro.com/atlas/ (cloned),1311,NULL,NULL
*,Greenland,64.1833,-51.7333,manually from http://www.astro.com/atlas/ (cloned),1312,NULL,NULL
*,Ivory Coast,6.81667,-5.28333,manually from http://www.astro.com/atlas/ (cloned),1313,NULL,NULL
*,Mali,12.65,-8,manually from http://www.astro.com/atlas/ (cloned),1314,NULL,NULL
*,Saudi Arabia,24.6333,46.7167,manually from http://www.astro.com/atlas/ (cloned),1315,NULL,NULL
*,Cameroon,3.86667,11.5167,manually from http://www.astro.com/atlas/ (cloned),1319,NULL,NULL
Yaounde,Cameroon,3.86667,11.5167,manually from http://www.astro.com/atlas/,1320,NULL,alternate spelling matches capital name
Ville Marie,Canada,47.3167,-79.4333,manually from http://www.astro.com/atlas/,1321,QU,NULL
Grande-Prairie,Canada,55.1667,-118.8,manually from http://www.astro.com/atlas/,1322,AB,NULL
Torshavn,Faroe Islands,62.03,-6.8,gazetteer.com,1323,NULL,NULL
*,Faroe Islands,62.03,-6.8,gazetteer.com,1324,NULL,(cloned)
Astana,Kazakstan,51.17,71.47,gazetteer.com,1325,NULL,NULL
*,Kazakstan,51.17,71.47,gazetteer.com,1326,NULL,(cloned)
Bishkek,Kyrgyzstan,42.87,74.57,gazetteer.com,1327,NULL,NULL
*,Kyrgyzstan,42.87,74.57,gazetteer.com,1328,NULL,(cloned)
Ashgabat,Turkmenistan,37.95,58.38,gazetteer.com,1329,NULL,NULL
*,Turkmenistan,37.95,58.38,gazetteer.com,1330,NULL,(cloned)
Sanaa,Yemen,15.17,44.33,gazetteer.com,1331,NULL,NULL
*,Yemen,15.17,44.33,gazetteer.com,1332,NULL,(cloned)
Aaabenraa,Denmark,55.05,9.42,worldgazetteer.com,1333,NULL,NULL
Barrie,Canada,44.4,-79.6667,manually from http://www.astro.com/atlas/,1334,ON,NULL
Jerusalem,Palestine,31.7667,35.2333,manually from http://www.astro.com/atlas/,1335,NULL,(cloned)
*,Palestine,31.7667,35.2333,manually from http://www.astro.com/atlas/,1336,NULL,(cloned)
Townsville,Australia,-19.2667,146.8,manually from http://www.astro.com/atlas/,1337,NULL,NULL
Offenburg,Germany,48.4667,7.95,manually from http://www.astro.com/atlas/,1338,NULL,NULL
Lagos,Nigeria,6.45,3.4,manually from http://www.astro.com/atlas/,1339,NULL,NULL
Brantford,Canada,43.1333,-80.2667,manually from http://www.astro.com/atlas/,1340,ON,NULL
Timbuktu,Mali,16.7667,-3.01667,manually from http://www.astro.com/atlas/,1341,NULL,NULL
Monrovia,Liberia,6.3,-10.7833,manually from http://www.astro.com/atlas/,1342,NULL,NULL
Agra,India,27.1833,78.0167,manually from http://www.astro.com/atlas/,1343,NULL,NULL
Funchal,Portugal,32.6333,-16.9,manually from http://www.astro.com/atlas/,1344,NULL,NULL
Basseterre,St Kitts-Nevis,17.3,-62.7167,manually from http://www.astro.com/atlas/,1345,NULL,NULL
Kingstown,St Vincent,13.15,-61.2333,manually from http://www.astro.com/atlas/,1346,NULL,NULL
Road Town,Virgin Islands & British,18.45,-64.6167,manually from http://www.astro.com/atlas/,1347,NULL,NULL
Broken Hill,Australia,-31.95,141.45,manually from http://www.astro.com/atlas/,1348,NULL,NULL
Halls Creek,Australia,-18.2667,127.767,manually from http://www.astro.com/atlas/,1349,NULL,NULL
Aruba Island,Netherlands Antilles,12.5,-68.9667,manually from http://www.astro.com/atlas/,1350,NULL,NULL
The Valley,Anguilla,18.2167,-63.0667,manually from http://www.astro.com/atlas/,1351,NULL,NULL
Pago Pago,American Samoa,-14.2667,-170.7,manually from http://www.astro.com/atlas/,1352,NULL,NULL
Luanda,Angola,-8.8,13.2333,manually from http://www.astro.com/atlas/,1353,NULL,NULL
Nassau,Bahamas,25.0833,-77.35,manually from http://www.astro.com/atlas/,1354,NULL,NULL
Bridgetown,Barbados,13.1,-59.6167,manually from http://www.astro.com/atlas/,1355,NULL,NULL
Hamilton,Bermuda,32.2833,-64.7667,manually from http://www.astro.com/atlas/,1356,NULL,NULL
Bujumbura,Burundi,-3.38333,29.3667,manually from http://www.astro.com/atlas/,1357,NULL,NULL
George Town,Bahamas,23.5,-75.7667,manually from http://www.astro.com/atlas/,1358,NULL,NULL
Georgetown,Cayman Is,19.3,-81.3833,manually from http://www.astro.com/atlas/,1359,NULL,NULL
Moroni,Comoro Is,-11.6833,43.2667,manually from http://www.astro.com/atlas/,1360,NULL,NULL
Roseau,Dominica,15.3,-61.4,manually from http://www.astro.com/atlas/,1361,NULL,NULL
Santo Domingo,Dominican Republic,18.4667,-69.9,manually from http://www.astro.com/atlas/,1362,NULL,NULL
Port-au-Prince,Haiti,18.5333,-72.3333,manually from http://www.astro.com/atlas/,1363,NULL,NULL
Malabo,Equatorial Guinea,3.75,8.78333,manually from http://www.astro.com/atlas/,1364,NULL,NULL
Asmara,Eritrea,15.3333,38.8833,manually from http://www.astro.com/atlas/,1365,NULL,NULL
Grenville,Grenada,12.1167,-61.6167,manually from http://www.astro.com/atlas/,1367,NULL,NULL
St.Peter Port,Guernsey,49.45,-2.53333,manually from http://www.astro.com/atlas/,1368,NULL,NULL
Conakry,Guinea,9.51667,-13.7167,manually from http://www.astro.com/atlas/,1369,NULL,NULL
Bissau,Guinea-Bissau,11.85,-15.5833,manually from http://www.astro.com/atlas/,1370,NULL,NULL
St.Helier,Jersey,49.2,-2.61667,manually from http://www.astro.com/atlas/,1371,NULL,NULL
Stanley,Falkland Is,-51.7,-57.85,manually from http://www.astro.com/atlas/,1372,NULL,NULL
Maseru,Lesotho,-29.4667,27.5,manually from http://www.astro.com/atlas/,1373,NULL,NULL
Rzeszow,Poland,50.05,22,manually from http://www.astro.com/atlas/,1374,NULL,NULL
Lublin,Poland,51.25,22.5833,manually from http://www.astro.com/atlas/,1375,NULL,NULL
Queenstown,New Zealand,-45.0333,168.667,manually from http://www.astro.com/atlas/,1376,NULL,NULL
Patras,Greece,38.25,21.7333,manually from http://www.astro.com/atlas/,1377,NULL,NULL
Kiel,Germany,54.3333,10.1333,manually from http://www.astro.com/atlas/,1378,NULL,NULL
Brest,France,48.4,-4.48333,manually from http://www.astro.com/atlas/,1379,NULL,NULL
Moita Bonita,Brazil,-10.5775,-37.3428,manually from http://www.astro.com/atlas/,1380,NULL,corrected due to ddmmss format in astro.com
Arad,Romania,46.1833,21.3333,manually from http://www.astro.com/atlas/,1381,NULL,NULL
Orebro,Sweden,59.2833,15.2167,manually from http://www.astro.com/atlas/,1382,NULL,NULL
Hammarby,Sweden,60.55,16.5667,manually from http://www.astro.com/atlas/,1383,NULL,NULL
Castlegar,Canada,49.3167,-117.667,manually from http://www.astro.com/atlas/,1384,BC,NULL
Alma-Ata,Kazakstan,43.25,76.95,manually from http://www.astro.com/atlas/,1385,NULL,NULL
Karlstad,Sweden,59.3667,13.5,manually from http://www.astro.com/atlas/,1386,NULL,NULL
Bologna,Italy,44.4833,11.3333,manually from http://www.astro.com/atlas/,1387,NULL,NULL
Gaborone,Botswana,-24.75,25.9167,manually from http://www.astro.com/atlas/,1388,NULL,NULL
Ploiesti,Romania,44.9333,26.0333,manually from http://www.astro.com/atlas/,1389,NULL,NULL
Yogyakarta,Indonesia,-7.8,110.367,manually from http://www.astro.com/atlas/,1390,NULL,NULL
Peterborough,Canada,44.3,-78.3167,manually from http://www.astro.com/atlas/,1391,ON,NULL
Angers,France,47.4667,-0.55,manually from http://www.astro.com/atlas/,1392,NULL,NULL
Avignon,France,43.95,4.81667,manually from http://www.astro.com/atlas/,1393,NULL,NULL
Klippan,Sweden,56.1333,13.1,manually from http://www.astro.com/atlas/,1394,NULL,NULL
Slatina,Romania,44.4333,24.3667,manually from http://www.astro.com/atlas/,1395,NULL,NULL
Gavle,Sweden,60.6667,17.1667,manually from http://www.astro.com/atlas/,1396,NULL,NULL
Weyburn,Canada,49.6833,-103.867,manually from http://www.astro.com/atlas/,1397,SK,NULL
Den Bosch,Netherlands,51.7,5.31667,manually from http://www.astro.com/atlas/,1398,NULL,NULL
Millingen,Netherlands,51.8667,6.05,manually from http://www.astro.com/atlas/,1399,NULL,name shortened for convenience, was Millingen aan de Rijn
Mill,Netherlands,51.6833,5.78333,manually from http://www.astro.com/atlas/,1400,NULL,NULL
Versailles,France,48.8,2.13333,manually from http://www.astro.com/atlas/,1401,NULL,NULL
Ispra,Italy,45.8167,8.61667,manually from http://www.astro.com/atlas/,1402,NULL,NULL
Norrkoping,Sweden,58.6,16.1833,manually from http://www.astro.com/atlas/,1403,NULL,NULL
Zwolle,Netherlands,52.5167,6.1,manually from http://www.astro.com/atlas/,1404,NULL,NULL
Assen,Netherlands,53,6.56667,manually from http://www.astro.com/atlas/,1405,NULL,NULL
Tashkent,Uzbekistan,41.3333,69.3,manually from http://www.astro.com/atlas/,1406,NULL,NULL
Targu-Mures,Romania,46.55,24.55,manually from http://www.astro.com/atlas/,1408,NULL,NULL
Orsay,France,48.8,2.18333,manually from http://www.astro.com/atlas/,1409,NULL,NULL
Stockport,United Kingdom,53.4167,-2.16667,manually from http://www.astro.com/atlas/,1410,NULL,NULL
Winchester,United Kingdom,51.0667,-1.31667,manually from http://www.astro.com/atlas/,1411,NULL,NULL
Guildford,United Kingdom,51.2333,-0.583333,manually from http://www.astro.com/atlas/,1412,NULL,NULL
Zilina,Slovakia,49.2333,18.7667,manually from http://www.astro.com/atlas/,1413,NULL,NULL
Leicester,United Kingdom,52.6333,-1.08333,manually from http://www.astro.com/atlas/,1414,NULL,NULL
Oradea,Romania,47.05,21.95,manually from http://www.astro.com/atlas/,1415,NULL,NULL
Moldova-Noua,Romania,44.7333,21.6667,manually from http://www.astro.com/atlas/,1416,NULL,NULL
